"TAZ","access_general_sov_attr","access_nearby_sov_attr","access_walk_attr","access_transit_attr","access_employment_sov_attr","access_general_sov","access_nearby_sov","access_walk","access_transit","access_employment_sov"
101,23083.40,5028.70,5.24554,23083.40,1915.00,13.4179,12.2136,3.9466,6.22485,11.8227
102,29488.60,6325.50,1.2932,29488.60,4829.00,13.2618,11.4155,3.82874,6.32114,11.7991
103,18975.70,4096.10,1.45781,18975.70,2617.00,13.2203,11.5692,3.70808,6.10417,11.7613
104,674,145.3,0.017363,674,89,13.2923,11.3722,4.04044,6.54769,11.8116
105,1235.60,297.4,3.7997,1235.60,81,13.3725,12.1488,3.85382,6.00901,11.8024
106,299.2,65.6,0.0250971,299.2,16,13.2169,11.3486,3.82936,6.01468,11.7758
107,816.9,175.1,0.0344666,816.9,107,13.2248,11.112,3.78543,6.59275,11.8007
108,8333.10,1688.70,0.0163117,8333.10,1793.00,13.3722,11.8457,3.87719,6.15791,11.8301
109,16325.20,3514.90,1.06643,16325.20,2474.00,13.2396,11.5525,3.80322,6.34603,11.776
110,1254.30,274.2,0.109618,1254.30,78,13.2651,11.1869,4.09371,6.64719,11.8088
111,5811.60,1253.00,0.424502,5811.60,475,13.2985,11.6337,3.85499,5.6553,11.7999
112,13411.90,2842.10,1.71945,13411.90,2033.00,13.4177,12.1612,3.90486,6.03002,11.8259
113,1386.50,307.3,0.703552,1386.50,100,13.2513,11.4962,3.83339,5.71884,11.7818
114,0.00,0.00,0.00,0.00,0.00,13.3559,12.1195,3.93268,6.37461,11.8028
115,3651.60,791.3,2.42256,3651.60,571,13.253,11.4469,3.85651,5.96271,11.7844
116,616.6,135.7,0.112971,616.6,41,13.1978,10.905,3.91675,6.7592,11.7963
117,2911.20,612.8,0.0728104,2911.20,409,13.3715,11.7312,3.89061,6.42592,11.8397
118,2389.80,540.2,5.23383,2389.80,186,13.2485,11.4318,3.76541,5.4199,11.7829
119,444.2,110.6,1.27968,444.2,11,13.2591,11.4808,3.87953,6.14644,11.7867
120,1187.70,257.4,0.0838015,1187.70,111,13.2421,11.4662,3.80307,5.5766,11.7849
121,377.4,80.5,0.0117586,377.4,36,13.2329,11.2731,3.74042,5.91684,11.7979
122,1010.90,218.1,0.035038,1010.90,137,13.1642,10.801,3.68219,6.50599,11.7976
123,8380.80,1804.40,0.26732,8380.80,1257.00,13.2952,11.5639,3.9959,6.3,11.8028
124,63.7,11.6,0.00222205,63.7,16,13.2521,11.0648,4.15617,6.80464,11.8082
125,936.6,218.9,1.43967,936.6,98,13.1896,10.8262,3.96803,6.4917,11.7955
126,9967.00,2186.00,2.49294,9967.00,544,13.3212,11.5297,3.75239,6.10201,11.8369
127,849.2,180.4,0.0984622,849.2,150,13.1739,11.1054,3.73228,5.43499,11.7628
128,4214.10,910.2,0.0836497,4214.10,556,13.1798,11.1245,3.72112,5.60696,11.7655
129,385.1,84.1,0.0125556,385.1,29,13.3215,11.6785,3.69731,6.11987,11.83
130,89.6,19.2,0.00,89.6,16,13.2875,11.4057,3.65383,6.08181,11.8367
131,855,163.4,0.438637,855,212,13.1874,11.1464,3.61961,5.57406,11.7856
132,909.2,133,0.641646,909.2,76,13.1158,10.922,3.62167,5.16239,11.7467
133,815.2,175.7,0.0267093,815.2,75,13.1773,11.1153,3.71946,5.78911,11.7658
134,3139.10,670.9,0.0625038,3139.10,444,13.0641,10.5859,3.46983,6.21538,11.7567
135,5265.60,1082.60,0.597559,5265.60,890,13.2822,11.5365,3.66016,6.18657,11.824
136,2357.30,477.3,0.130572,2357.30,346,13.1079,10.5494,3.62875,6.12465,11.7828
137,256.1,55.9,0.0146002,256.1,20,13.2384,11.0542,4.15608,6.2888,11.8004
138,1585.70,368.8,1.93359,1585.70,85,13.2819,11.3291,3.57993,5.95186,11.8417
139,5472.60,1150.90,0.0903546,5472.60,934,13.3102,11.7014,3.67657,6.32061,11.8272
140,1152.30,267.9,1.2285,1152.30,79,13.1609,10.6748,3.95934,6.27793,11.7862
141,1405.10,294.1,1.00975,1405.10,196,13.2889,11.3801,3.62593,6.28716,11.8375
142,24342.30,5199.40,0.0649488,24342.30,4324.00,13.213,11.2627,3.91672,5.82209,11.7823
143,6474.10,1370.20,0.72444,6474.10,990,13.1996,11.2997,3.51525,5.80271,11.7959
144,296.4,61.2,0.0397906,296.4,52,13.0568,10.8283,3.50785,5.12021,11.72
145,755.2,187.5,1.69101,755.2,29,13.0698,10.9126,3.47215,5.26382,11.723
146,774.3,166.2,0.864894,774.3,121,13.2059,10.9217,3.40017,5.88484,11.8325
147,2281.00,508.7,1.82041,2281.00,259,13.0574,10.8333,3.50255,4.92775,11.7228
148,1909.50,425.5,0.653816,1909.50,151,13.2079,10.9451,3.33983,6.04813,11.839
149,1377.70,302.6,0.29235,1377.70,163,13.0722,10.9035,3.50624,5.45491,11.725
150,941,184.4,0.00209002,941,220,12.9452,10.1294,2.68596,5.45783,11.7379
151,724.8,167.1,1.0381,724.8,80,13.2094,10.8902,3.26597,6.17069,11.8405
152,856.3,214.9,1.75485,856.3,37,13.1181,10.5395,3.72542,5.80083,11.7836
153,3000.60,641.3,0.360056,3000.60,492,12.9862,10.4669,3.27737,5.04848,11.7185
154,2519.10,540.6,0.24716,2519.10,348,13.0346,10.7614,3.46612,5.39671,11.7158
155,2850.80,599.2,0.796026,2850.80,440,13.2274,10.9996,3.3673,5.8886,11.8475
156,1376.00,296.7,0.0820152,1376.00,164,13.0728,10.404,3.10938,5.80449,11.7897
157,3583.10,777,0.56705,3583.10,492,12.9032,10.4091,3.10963,4.40554,11.67
158,1206.20,261,0.0463085,1206.20,89,13.0062,10.7186,3.27202,5.01337,11.7025
159,1112.10,229.7,0.0499455,1112.10,212,12.9816,10.617,3.31142,4.85099,11.6947
160,1054.80,230.4,0.681063,1054.80,139,12.9954,10.7497,3.30515,4.65572,11.6996
161,756.8,165.5,0.323296,756.8,104,12.9722,10.6347,3.22828,5.05712,11.6896
162,1607.20,354.5,0.554095,1607.20,145,13.1648,10.5539,3.2239,5.50791,11.8301
163,1871.30,390.1,0.076441,1871.30,355,13.2077,10.8255,3.07999,5.91231,11.8497
164,4924.40,1072.70,0.192017,4924.40,415,13.0244,10.7493,3.08959,4.8504,11.7134
165,883.1,226.1,1.83723,883.1,23,13.0687,10.5149,2.78038,5.72155,11.7918
166,3611.10,780.9,0.534255,3611.10,560,13.2193,10.941,3.12173,5.79712,11.8518
167,2842.10,532.9,0.0491109,2842.10,651,13.0445,10.4374,2.62026,5.78456,11.7818
168,6258.30,1350.80,0.770282,6258.30,1039.00,13.1958,10.8836,3.12452,5.50209,11.8439
169,1893.00,436.5,2.38073,1893.00,188,12.7523,10.302,2.71233,3.85556,11.6084
170,1750.40,390.2,0.640829,1750.40,93,13.1274,10.5587,2.97401,5.60801,11.8132
171,11093.50,2402.90,1.0779,11093.50,1088.00,13.0932,10.5695,2.74944,5.89592,11.7982
172,1965.70,439.7,1.50006,1965.70,215,12.82,10.4048,2.67054,4.01284,11.6376
173,129424.40,27739.00,0.436946,129424.40,22899.00,13.3372,11.5788,2.61764,4.89499,11.8852
174,5951.20,1272.00,0.00772655,5951.20,1057.00,13.0579,10.4469,2.26061,5.41182,11.8047
175,12203.10,2662.00,1.20991,12203.10,962,12.9148,10.3504,2.56316,4.41294,11.6772
176,2744.30,596.5,0.0866119,2744.30,265,13.1505,10.7256,2.21094,5.51118,11.844
177,1486.20,300.5,0.040157,1486.20,228,13.0057,10.3019,2.38838,5.53059,11.7727
178,11145.30,2377.70,1.47201,11145.30,1739.00,12.9499,10.1805,1.66118,4.85894,11.7708
179,1495.60,277.9,0.270656,1495.60,375,12.9418,10.108,2.19446,5.18587,11.7414
180,4581.30,930.4,0.213718,4581.30,728,13.0911,10.4829,1.78858,5.10838,11.8301
181,1860.20,343.6,0.0425407,1860.20,466,13.0052,10.1244,1.36078,5.27011,11.8037
182,183.4,38.8,0.0389159,183.4,30,13.0551,10.4596,1.63015,4.92847,11.8149
183,2266.00,488.5,0.151033,2266.00,181,13.1941,10.7155,2.12994,4.99045,11.8726
201,314.1,68.7,0.0103164,314.1,21,13.1635,10.5073,4.24315,6.49417,11.7813
202,1169.90,269.2,1.76353,1169.90,57,13.0734,10.1075,4.2852,5.91246,11.7309
203,1591.00,352.7,0.637308,1591.00,112,12.976,10.0659,4.12369,5.90405,11.6978
204,2417.60,505.5,0.443676,2417.60,457,12.9369,9.97929,3.51438,5.07684,11.7003
205,38.3,9.5,0.0884845,38.3,2,13.0315,9.84171,4.398,5.18259,11.6651
206,132927.40,883.2,104.955,132927.40,674,13.1538,9.99795,4.71926,5.15486,11.6632
207,108,18,0.00,108,36,12.9198,10.0239,3.31148,4.83602,11.695
208,977.8,202.1,0.430281,977.8,149,13.0754,10.3781,2.85632,5.04797,11.789
209,134.6,34.6,0.319518,134.6,3,13.0128,10.446,4.55655,6.00154,11.6349
210,1551.80,381,2.55955,1551.80,66,12.8932,9.89497,3.32826,4.41115,11.6861
211,3108.10,490.8,1.32582,3108.10,327,12.9279,10.1195,2.64497,5.01464,11.7257
212,4416.00,740.5,2.52969,4416.00,435,13.1362,9.90919,4.61774,4.54656,11.6375
213,3653.90,632.3,0.00410243,3653.90,1132.00,12.9688,10.1032,3.02723,4.78783,11.744
214,23638.60,5132.60,6.33548,23638.60,3439.00,12.8666,9.84749,4.42913,5.94,11.5645
215,298.9,75.1,0.555677,298.9,13,12.8482,9.85709,3.14037,4.13897,11.6662
216,1351.10,327.8,2.41834,1351.10,98,12.8484,9.94357,2.63676,4.76866,11.6916
217,3343.80,443.5,2.09594,3343.80,266,12.7912,9.81562,2.48948,4.34781,11.6671
218,1759.00,359.1,0.699911,1759.00,337,12.6355,9.31688,3.60845,4.69828,11.5226
219,2217.00,518.8,2.64891,2217.00,181,12.7714,9.60533,2.60331,4.21987,11.6518
220,665.3,169.4,1.28653,665.3,20,12.7442,9.56105,2.25426,3.88488,11.6545
221,1611.50,360.8,1.31535,1611.50,181,12.7562,9.59087,2.43007,3.97969,11.6588
222,2967.40,646.4,1.92797,2967.40,374,12.6277,9.2949,2.64384,3.55687,11.5532
223,1366.60,336.8,2.65782,1366.60,77,12.6217,9.32127,2.04832,4.05677,11.5942
224,228,58.6,0.430457,228,5,12.5522,9.25107,1.91113,3.29338,11.5517
225,1139.50,262.1,1.00525,1139.50,138,12.6406,9.36887,2.01747,3.47733,11.5832
226,4687.70,482.3,2.38131,4687.70,213,12.7727,9.65335,2.19372,3.09749,11.6526
301,3195.30,648,0.116733,3195.30,551,13.2427,11.1301,3.45393,6.14612,11.8336
302,4612.20,977.9,0.0485156,4612.20,776,13.1975,11.1498,3.5016,6.30485,11.805
303,5384.90,1157.70,0.337391,5384.90,671,13.1652,11.1615,3.3436,5.86884,11.7896
304,990.7,195.1,0.0228872,990.7,190,13.2188,11.1613,3.49474,6.35807,11.815
305,1362.00,304.3,0.977138,1362.00,153,13.219,10.9568,3.28027,5.62237,11.8467
306,1792.60,401,0.821605,1792.60,170,13.1443,10.8287,3.29092,5.97047,11.7968
307,2230.00,492.2,0.518524,2230.00,155,13.1388,11.1882,3.25552,6.11653,11.7814
308,3089.30,675.1,1.5005,3089.30,460,12.9201,10.2568,2.96308,4.90589,11.702
309,4256.60,927.3,0.310528,4256.60,339,13.0793,10.9497,3.15657,5.99194,11.7619
310,1222.60,289.3,1.53615,1222.60,112,13.0677,10.5069,3.02351,5.24823,11.7875
311,2121.10,466.1,1.60129,2121.10,282,12.9515,10.3897,3.0375,5.69744,11.7187
312,2232.40,493.2,0.851225,2232.40,316,13.1575,10.7963,3.03339,5.31623,11.8289
313,2100.40,464.3,0.92706,2100.40,241,12.9177,10.2975,2.98831,5.48845,11.7054
314,87.4,23,0.232394,87.4,0.00,12.6919,9.73384,2.43541,4.26491,11.6067
315,1761.40,399,1.49945,1761.40,225,12.765,9.89534,2.64504,4.36997,11.6388
316,1002.10,219.6,0.271343,1002.10,149,13.2821,11.2644,2.99199,5.31495,11.8697
317,893.2,211.6,1.23493,893.2,55,13.0057,10.3631,2.97473,5.51181,11.7561
318,687.1,19.7,0.359745,687.1,6,12.7631,9.87672,2.69968,4.66856,11.6394
319,2576.70,543.9,0.258798,2576.70,315,13.0696,10.6908,3.16428,6.38803,11.7688
320,724.3,167.6,0.695177,724.3,84,13.0519,10.5483,2.82654,4.92219,11.788
321,1300.00,288.6,0.679603,1300.00,122,13.0337,10.4463,3.0022,5.03475,11.7758
322,901.7,83.4,0.609047,901.7,43,12.8159,10.0088,2.92464,5.28692,11.6601
323,1446.20,329.4,1.4983,1446.20,162,12.9159,10.3339,2.95309,6.03047,11.7036
324,96.8,25.2,0.189174,96.8,1,12.5909,9.50282,2.15633,3.89007,11.563
325,206.9,53.9,0.487481,206.9,2,12.9535,10.2894,2.76724,4.69937,11.7439
326,255.5,59.4,0.34991,255.5,28,13.1848,11.0768,2.44273,4.9723,11.8387
327,1948.00,429.1,0.686902,1948.00,168,12.9348,10.2864,2.84677,6.1134,11.7155
328,1302.00,184.2,1.24978,1302.00,81,12.9727,10.3731,2.42481,4.4644,11.7612
329,5293.80,1157.10,1.05818,5293.80,476,13.0332,10.6076,3.06068,6.07522,11.759
330,278.2,72.1,0.546287,278.2,4,12.7241,9.7687,2.52574,4.39777,11.6234
331,2537.90,571.1,1.25644,2537.90,201,12.9903,10.4306,2.95358,5.15424,11.7505
332,403.3,102.4,0.777484,403.3,13,13.0283,10.5414,2.58624,4.50839,11.7767
333,140.1,35.5,0.242197,140.1,5,12.4895,9.2829,1.80672,3.64056,11.5172
334,12400.10,2567.40,0.545254,12400.10,2108.00,12.943,10.3987,2.76745,4.76172,11.7352
335,216.6,55.6,0.550221,216.6,5,12.8257,10.1746,2.74742,4.81821,11.661
336,1347.40,300.5,0.891234,1347.40,145,12.846,10.2699,2.89622,5.19268,11.6668
337,2781.10,627.4,2.22679,2781.10,373,12.8774,10.2334,2.90297,5.65618,11.6871
338,1560.80,333.3,0.0817824,1560.80,148,13.073,11.0396,3.05009,6.30569,11.7563
339,814.5,190.1,0.923305,814.5,58,13.2611,11.2048,2.54624,4.93564,11.8726
340,823.7,204.6,1.43617,823.7,43,12.6288,9.58647,2.16272,4.06176,11.5798
341,4358.70,882,0.33334,4358.70,756,13.0485,10.6966,3.01219,6.16501,11.7561
342,3203.10,700.4,0.18812,3203.10,216,13.0141,10.7955,2.99649,6.26142,11.7334
343,845.1,199.6,0.959247,845.1,83,13.0241,10.5365,2.67629,4.43456,11.7747
344,4058.70,900.4,1.18373,4058.70,269,12.9703,10.3847,2.87309,5.83023,11.7345
345,7258.50,1596.30,0.684406,7258.50,400,13.0947,10.7071,2.49855,4.47626,11.8083
346,413.7,108,1.11509,413.7,3,12.7513,9.80165,2.4231,5.05449,11.6524
347,5282.10,1143.50,0.961126,5282.10,874,12.9007,10.4126,2.87834,5.50074,11.6813
348,690.2,158.1,0.703798,690.2,85,12.7844,10.0416,2.68185,4.93047,11.6376
349,2671.90,342.2,1.45503,2671.90,72,13.0479,10.511,2.52871,4.242,11.7896
350,321.1,84.5,0.663504,321.1,0.00,12.9628,10.2414,2.77228,4.67307,11.7512
351,759.1,171.4,0.561661,759.1,103,12.6499,9.67899,2.11357,3.90748,11.5815
352,6381.60,1373.70,0.235048,6381.60,628,13.0003,10.71,2.99875,6.32079,11.7215
353,1798.80,408.3,1.46393,1798.80,157,12.9842,10.5474,2.97663,5.95243,11.7221
354,742.1,175.3,0.942233,742.1,72,12.4694,9.35234,1.76718,3.17744,11.4939
355,12540.40,2755.30,1.6133,12540.40,791,13.0672,10.5567,2.31932,4.42103,11.803
356,10080.60,2204.90,0.715354,10080.60,644,13.0247,10.8549,3.03179,6.10368,11.7232
357,1567.80,357.2,1.07393,1567.80,102,12.9528,10.5429,2.95174,6.13897,11.6966
358,556.7,131.4,0.612141,556.7,21,12.9124,10.2685,2.72867,5.0226,11.7167
359,4221.60,923.7,0.171326,4221.60,264,12.9771,10.8508,2.94872,5.64254,11.7084
360,1997.30,434.9,0.487762,1997.30,223,12.7857,10.0023,2.54339,4.49195,11.6335
361,977.4,229.3,1.19166,977.4,95,13.0087,10.3317,2.59822,4.3861,11.7744
362,2084.40,454.9,0.481523,2084.40,285,12.9443,10.5259,2.83835,5.18501,11.7197
363,1148.00,268.4,1.23547,1148.00,88,12.8062,10.098,2.70675,4.83577,11.6389
364,7841.40,1701.00,1.15692,7841.40,1000,12.9425,10.175,2.12146,3.96256,11.7567
365,4068.10,900.3,1.3964,4068.10,378,12.9505,10.4042,2.9733,6.36062,11.6936
366,7795.70,1524.30,2.00331,7795.70,526,12.622,9.69304,1.88997,3.57783,11.563
367,5115.10,1153.60,2.51977,5115.10,373,13.0223,10.7174,3.12447,6.18873,11.7255
368,2169.70,450.5,0.254509,2169.70,396,12.9665,10.4994,2.98947,5.17801,11.7251
369,214.5,55,0.419787,214.5,5,12.4295,9.36324,1.68739,2.64527,11.4679
370,582.2,15.9,0.189047,582.2,22,13.0411,10.5474,2.68087,4.64859,11.7722
371,762.6,182.3,0.949737,762.6,27,12.9652,10.156,2.03914,3.75497,11.7618
372,9924.20,1980.00,1.17827,9924.20,1187.00,13.0258,10.316,2.10418,3.86745,11.7923
373,2909.70,630.7,0.37826,2909.70,337,13.0314,10.4648,2.71206,4.68395,11.7649
374,1162.40,269.2,1.6861,1162.40,110,12.9543,10.364,2.95255,5.05497,11.715
375,1210.70,269.8,0.548057,1210.70,89,13.0295,10.6353,3.13295,5.96208,11.7167
376,1449.90,324.4,1.60648,1449.90,169,13.0205,10.5793,3.08494,5.86419,11.722
377,1809.50,444.4,2.90801,1809.50,94,12.9364,10.5896,3.14796,5.1902,11.6588
378,3251.20,572.8,2.73857,3251.20,218,12.989,10.4312,2.8842,4.7585,11.7349
379,728.3,188.1,1.5747,728.3,9,12.7823,10.1001,2.88057,4.54817,11.6099
380,807.9,205.2,1.55989,807.9,15,12.7172,9.88023,2.46196,3.86867,11.5934
381,3066.50,139.5,0.729374,3066.50,265,13.017,10.2795,2.00148,3.6708,11.7812
382,41758.80,8991.70,0.747752,41758.80,6342.00,13.0452,10.8544,3.16735,6.25128,11.7023
383,17449.40,3820.10,0.792153,17449.40,1011.00,13.0431,10.5508,2.59187,4.38475,11.762
384,1797.20,399,1.3761,1797.20,219,12.9528,10.3905,3.08759,5.09292,11.6977
385,4166.30,922.9,1.08632,4166.30,303,13.0647,10.7676,3.22748,5.81825,11.7185
386,7542.50,1635.00,0.211872,7542.50,746,13.0247,10.3071,2.03386,3.89952,11.782
387,395.9,100.9,0.781793,395.9,8,12.9435,10.62,3.12091,5.06181,11.6593
388,2768.90,487.1,1.45393,2768.90,317,12.7695,10.0655,2.7215,4.36214,11.6062
389,1010.10,258.7,2.07437,1010.10,26,12.9477,10.6457,3.19937,5.16501,11.6587
390,3685.00,803.4,3.96323,3685.00,528,13.0501,10.6177,3.03506,5.10706,11.736
391,435.5,112.4,0.865887,435.5,8,12.9497,10.3784,2.38049,4.25832,11.72
392,3115.80,708.8,3.5369,3115.80,368,12.7746,10.1308,2.87789,4.34129,11.6047
393,7479.50,1616.20,1.15801,7479.50,932,12.9512,10.7531,3.118,4.78306,11.6435
394,68705.20,15075.70,8.92832,68705.20,3977.00,13.1403,11.1941,3.25425,5.62967,11.7156
395,1458.50,335.6,1.01,1458.50,66,12.9806,10.3529,2.64353,4.58905,11.7223
396,4641.20,934.1,0.345955,4641.20,401,13.1705,11.154,3.24909,5.73026,11.7419
397,3129.00,692.2,0.743538,3129.00,207,13.1025,10.7446,3.05218,5.21847,11.7547
398,1887.40,416.9,0.368315,1887.40,131,13.0663,10.5898,2.69129,4.68378,11.7567
399,368.6,97,0.774089,368.6,0.00,12.8775,10.1325,2.09746,4.25109,11.6817
401,648.7,164.4,1.26291,648.7,21,13.0242,10.2202,3.92482,5.73866,11.7164
402,1100.70,270.5,1.6417,1100.70,36,12.8079,9.91239,3.17987,4.70638,11.6294
403,2704.00,613.7,1.89552,2704.00,259,12.7649,9.9092,2.89492,4.23333,11.6113
404,1226.10,299.3,1.98197,1226.10,79,12.7219,9.58106,3.39657,5.05925,11.5871
405,5174.90,1133.00,0.191624,5174.90,314,12.8848,10.1351,2.7131,4.14503,11.6713
406,476.1,119.9,0.973532,476.1,19,12.6298,9.61189,2.82078,4.18371,11.5492
407,3212.50,723.8,2.53412,3212.50,284,12.6765,9.6669,2.19544,3.52234,11.5853
408,1110.50,256.1,1.06566,1110.50,131,12.646,9.59182,2.25632,3.40494,11.5706
409,330.1,86,0.670166,330.1,3,12.6125,9.46524,2.21432,3.59503,11.5605
410,1218.90,260.9,0.55889,1218.90,168,12.597,9.53731,2.37359,3.401,11.5478
411,301.8,75.3,0.499856,301.8,15,12.4068,8.96387,2.06635,3.86097,11.4467
412,1245.30,163.7,1.14256,1245.30,67,12.4477,9.14005,2.24357,3.53612,11.4714
413,1077.80,250.8,1.26172,1077.80,118,12.6452,9.388,2.92298,4.70167,11.5532
414,641.5,154.4,0.983077,641.5,51,12.622,9.56925,1.98499,3.17449,11.5579
415,1179.90,165.9,1.12144,1179.90,68,12.5063,9.28848,1.93304,2.73906,11.5058
416,406.8,102.5,0.826255,406.8,16,12.4514,9.34517,2.2893,2.91198,11.4749
417,1903.50,348.2,2.11526,1903.50,135,12.4597,9.31005,2.01113,2.47211,11.4773
418,803.9,199,1.29726,803.9,45,12.4832,9.28784,1.2644,3.59022,11.4926
419,2207.50,507.2,2.27207,2207.50,196,12.2813,8.90431,0.393779,2.5343,11.4002
420,1169.10,288.6,1.93995,1169.10,69,12.3601,9.0027,1.57446,2.31769,11.4193
421,440.7,112.4,0.794576,440.7,13,12.3436,8.94189,1.41416,2.2566,11.4089
422,888.6,226.1,1.62921,888.6,28,12.1448,8.86841,1.87177,2.95406,11.318
423,2217.40,150.3,1.10255,2217.40,98,12.336,9.22562,1.85876,0.880304,11.3952
424,1336.10,342,2.54543,1336.10,34,12.3352,9.08795,1.70737,1.48147,11.4039
425,1056.10,258.2,1.54988,1056.10,72,12.3251,9.143,1.73679,0.445931,11.3896
426,576,141.3,0.974857,576,36,12.1849,8.85004,1.33299,0.791256,11.2973
427,751.1,185.6,1.19586,751.1,44,12.207,8.99001,1.90665,2.9464,11.3477
428,586.3,138.5,0.677803,586.3,29,12.2937,9.11272,1.87542,3.01751,11.3891
429,2627.50,467.6,3.28672,2627.50,128,12.293,8.95822,1.46571,1.91054,11.3905
430,1258.00,311.4,2.08896,1258.00,71,12.3183,9.2458,2.05002,3.25447,11.3971
431,2161.00,517.8,3.17123,2161.00,167,12.225,8.98257,1.95101,3.1723,11.3564
432,1286.00,301.2,1.16679,1286.00,50,12.4277,9.28924,1.05033,3.26944,11.4563
433,561.8,143,1.06075,561.8,17,12.3032,9.14153,1.9733,1.42815,11.3503
434,619.8,138.2,0.339433,619.8,91,12.3326,9.25397,1.95921,3.19716,11.4046
435,2238.00,476,0.145652,2238.00,345,12.4316,9.29486,1.15783,2.76449,11.4555
436,2356.00,516,0.0817243,2356.00,140,12.5325,9.65058,1.44957,3.20874,11.481
437,3793.10,896.2,4.32002,3793.10,231,12.1893,8.89245,1.27347,0.757669,11.2963
438,1199.40,301.4,2.05029,1199.40,34,12.3964,9.59515,1.86576,2.23423,11.388
439,9648.50,2099.00,0.345539,9648.50,714,12.5369,10.182,1.95916,2.55782,11.441
441,635.9,157.8,1.04968,635.9,22,12.0155,8.47285,0.416868,0.258094,11.2215
458,2318.90,506.4,0.189023,2318.90,153,13.0519,10.7922,3.00751,6.62295,11.7436
501,1378.10,145.5,0.801513,1378.10,86,12.6689,9.59561,2.36816,4.1507,11.6182
502,1986.90,468.1,2.04441,1986.90,76,12.6686,9.57005,2.2473,3.61956,11.6119
503,288.3,64.1,0.0728831,288.3,21,12.9876,10.1105,2.16044,5.48009,11.7725
504,2832.10,481.8,2.19848,2832.10,239,12.6695,9.65403,2.53574,3.97899,11.6111
505,236.4,59.2,0.386457,236.4,11,12.7121,9.68225,2.34682,4.32882,11.641
506,673.6,169.6,1.32439,673.6,18,12.922,10.0548,2.48491,5.1129,11.7375
507,5181.30,906.4,3.31769,5181.30,384,12.7658,9.73887,2.47231,3.47742,11.655
508,6343.00,1395.80,0.579788,6343.00,355,12.7623,9.77352,2.429,3.5957,11.6519
509,6297.70,1369.10,0.19037,6297.70,631,12.947,10.34,2.53557,5.54263,11.7474
510,1114.70,269.1,1.50998,1114.70,52,12.912,10.3109,2.63784,5.52272,11.7264
511,6348.50,1395.30,0.461533,6348.50,348,12.7257,9.77145,2.65088,3.73107,11.6298
512,785.5,203.7,1.72211,785.5,9,12.8066,9.88689,2.67496,4.5802,11.6807
513,203.2,53.2,0.447105,203.2,1,12.621,9.59809,2.45305,3.63943,11.5738
514,312.8,73.8,0.33528,312.8,21,12.5945,9.49039,2.42264,4.18802,11.5778
515,11059.80,2437.50,1.31435,11059.80,698,12.5952,9.51292,1.69469,2.87863,11.5612
516,8635.80,1904.20,1.21156,8635.80,554,12.675,9.94978,2.75688,3.96678,11.5958
517,1344.10,344.1,2.93175,1344.10,35,12.5758,9.5327,2.57357,3.57121,11.5532
518,2254.20,517.4,1.78573,2254.20,113,12.6882,10.1787,2.84538,3.88115,11.5876
519,4239.60,924.9,0.773293,4239.60,530,12.9013,10.2487,2.55336,4.90606,11.7266
520,628.6,73.3,0.667272,628.6,22,12.8649,10.1042,2.69228,5.01771,11.7071
521,1316.50,287.5,0.249121,1316.50,116,12.9299,10.4073,2.73388,5.08773,11.7324
522,828.4,201,1.14307,828.4,60,12.7792,9.94021,2.72388,4.50532,11.6643
523,395,99.2,0.694779,395,15,12.5848,9.48228,2.41678,4.1427,11.5718
524,2409.80,546.7,1.87125,2409.80,264,12.5741,9.62477,2.77236,3.52149,11.5418
525,129.5,29.7,0.101715,129.5,16,12.6412,9.57207,2.29225,3.24347,11.5774
526,1516.50,332.3,0.243794,1516.50,166,12.6434,9.89452,2.80989,4.00647,11.5726
527,1707.40,365.6,1.2084,1707.40,215,12.9301,10.4718,2.67969,5.17067,11.7352
528,3883.70,875.8,2.42548,3883.70,434,12.5573,9.52378,2.73296,3.85641,11.5459
529,272,69.1,0.486011,272,7,12.5704,9.40322,2.07602,2.84212,11.54
530,1030.10,232.3,0.62228,1030.10,93,12.7547,9.92628,2.63618,4.46865,11.6528
531,1212.50,278.9,1.17315,1212.50,78,12.9239,10.6669,2.8107,5.44541,11.7233
532,2943.60,667.5,2.07456,2943.60,250,12.8021,10.0983,2.79879,5.19775,11.6709
533,1598.30,401.4,2.81069,1598.30,46,12.509,9.36875,2.67438,3.65412,11.5192
534,2032.90,94.4,0.751321,2032.90,69,12.4731,9.28763,2.48525,3.20166,11.4943
535,1449.80,343.1,1.94224,1449.80,138,12.8094,10.366,2.67682,4.80381,11.6658
536,3621.50,256.9,1.34844,3621.50,185,12.7298,9.82243,2.71236,4.89315,11.637
537,180.5,47.5,0.373414,180.5,0.00,12.4784,9.28284,2.57836,3.43493,11.5036
538,679.9,166.3,1.16288,679.9,30,12.5427,9.35424,2.19721,2.68077,11.5277
539,1343.00,316.2,1.63463,1343.00,132,12.4522,9.30967,2.39576,3.14806,11.4857
540,1053.60,257.4,1.63933,1053.60,66,12.7317,9.98197,2.7784,4.71098,11.6305
541,6067.30,1339.40,2.91768,6067.30,683,12.8415,10.4031,2.67977,4.50371,11.6829
542,630.1,161.6,1.34295,630.1,15,12.5237,9.45846,2.47185,3.0423,11.5152
543,215.6,55.9,0.424394,215.6,3,12.5656,9.60226,2.71285,3.7658,11.5453
544,3855.00,833.9,1.51464,3855.00,435,12.6549,9.76444,2.5798,4.33928,11.5941
545,1048.60,235.3,0.650305,1048.60,144,12.6164,9.71363,2.61811,3.78569,11.5704
546,793.8,197,1.28112,793.8,39,12.6217,9.8351,2.72315,3.78299,11.5696
547,907.6,78.7,1.06456,907.6,1,12.5499,9.71282,2.53664,3.56017,11.5249
548,3576.10,793,1.09644,3576.10,349,12.7803,9.91985,2.59925,3.86279,11.6662
549,437.5,109,0.735411,437.5,22,12.5468,9.79016,2.40988,3.33527,11.5157
550,210.3,44.8,0.0536278,210.3,38,12.5611,9.46919,2.06414,2.80016,11.5339
551,1756.00,356.8,1.46605,1756.00,353,12.7455,9.91558,2.67607,3.99492,11.6419
552,2768.70,607.6,1.3449,2768.70,341,12.5567,9.94212,2.56713,3.4111,11.5199
553,732.2,164.7,0.6441,732.2,72,12.6703,9.85529,2.72717,3.99782,11.5958
554,2146.20,476.7,0.891028,2146.20,229,12.5801,9.65463,2.55075,3.53427,11.5504
555,6708.20,1459.70,0.35348,6708.20,621,12.5345,9.98588,2.37916,3.10733,11.4976
556,864.7,212.5,1.41784,864.7,25,12.6853,9.84755,2.55803,3.7226,11.6162
557,1879.40,427.4,1.15809,1879.40,133,12.4865,9.57364,2.51446,3.16775,11.4908
558,1117.30,111.6,0.616314,1117.30,68,12.5962,9.85216,2.60621,3.38557,11.5615
559,2917.10,392.8,0.973614,2917.10,429,12.5918,9.80081,2.62585,3.66596,11.5496
560,216.3,56.1,0.415927,216.3,1,12.6017,9.87299,2.65997,3.79441,11.55
561,211.8,51.2,0.326342,211.8,14,12.1755,8.66991,0.49193,1.01981,11.3476
562,1083.20,251.2,0.998064,1083.20,59,12.2795,8.92399,1.10459,1.53377,11.3903
563,438.8,110.6,0.8201,438.8,17,12.4544,9.53131,2.46204,3.00228,11.4783
564,834.9,118.3,0.706114,834.9,52,12.4511,9.44169,2.3268,2.98002,11.4694
565,562.5,137.9,0.858249,562.5,13,12.5549,9.73449,2.53505,3.51686,11.529
566,5433.50,1240.90,3.61394,5433.50,246,12.6449,10.2012,2.60427,3.6413,11.5672
567,2208.60,401.7,2.28708,2208.60,169,12.3769,9.4142,2.3925,2.84045,11.4353
568,432.6,110.8,0.846093,432.6,9,12.4891,9.57207,2.58867,3.28546,11.4932
569,710.7,169.5,0.953322,710.7,63,12.4071,9.27484,2.07335,2.2793,11.4495
570,4950.70,1067.00,0.262977,4950.70,369,12.7816,10.1993,2.33288,3.54728,11.6476
571,399.3,104.5,0.818954,399.3,2,12.3703,9.18158,2.14046,2.64344,11.4345
572,451.8,112.7,0.896787,451.8,22,12.6836,10.0843,2.46336,3.1872,11.5928
573,11864.80,2593.10,0.447355,11864.80,752,12.7106,10.4636,2.40892,3.30428,11.5787
574,6934.00,1518.10,1.24713,6934.00,864,12.7443,10.2764,2.37406,3.54919,11.6176
575,229.9,60.5,0.475654,229.9,0.00,12.329,9.1238,2.13059,2.34524,11.412
576,676.7,162,0.911653,676.7,58,12.4468,9.59173,2.28558,3.04463,11.4658
577,7119.50,1552.70,0.271917,7119.50,576,12.6554,10.3145,2.38961,3.16708,11.5512
578,1576.60,235.7,2.01259,1576.60,60,12.3965,9.27082,2.13582,2.08615,11.4429
579,848.1,197.4,0.963041,848.1,93,12.4349,9.42612,2.29065,2.45761,11.4674
580,7319.10,1599.40,0.278233,7319.10,491,12.7488,10.7968,2.51844,3.23459,11.5825
581,378.2,91,0.594308,378.2,30,12.2092,8.90901,1.55841,1.10435,11.3533
582,483.2,114.7,0.564209,483.2,21,12.1748,8.80474,1.4925,0.914379,11.3378
583,413.5,104.2,0.808875,413.5,16,12.3581,9.18417,2.04331,1.97962,11.4278
584,1156.30,286.2,2.02906,1156.30,63,12.2526,8.94433,1.82125,1.33021,11.3768
585,395.2,104,0.86559,395.2,0.00,12.6569,9.71541,2.79753,4.26305,11.5971
586,17.1,4.5,0.0346386,17.1,0.00,12.5324,9.6923,2.48756,3.36461,11.5176
587,148.2,39,0.308879,148.2,0.00,12.5651,9.96091,2.32617,3.77631,11.5483
601,6362.90,783.6,5.17053,6362.90,380,12.3788,9.07709,2.23104,3.14102,11.4538
602,3566.00,761.6,1.36584,3566.00,322,12.541,9.45631,2.1957,3.23166,11.5269
603,966.3,225.5,1.1961,966.3,103,12.1408,8.70367,1.97048,2.51693,11.3367
604,1812.40,422.6,1.68782,1812.40,98,12.4851,9.45108,1.90788,2.64294,11.4985
605,457.7,116.6,0.85187,457.7,12,12.2206,8.96754,1.99894,2.29503,11.3696
606,5960.70,1197.30,1.78223,5960.70,414,12.3029,9.16735,1.75415,1.79681,11.4017
607,822.8,210.8,1.60563,822.8,20,11.8949,8.39295,1.63767,1.25045,11.2041
608,252.5,62.2,0.425966,252.5,15,12.3659,9.18563,1.64568,1.91527,11.4407
609,36.6,7.7,0.00,36.6,7,12.7381,9.92771,2.46848,3.80483,11.6031
610,166.5,41,0.273408,166.5,10,12.2914,9.01065,1.27383,2.1501,11.4061
611,182.2,44.2,0.313886,182.2,13,12.3576,9.06258,1.15149,2.05722,11.4419
612,95.8,24.1,0.164491,95.8,4,12.3746,9.39295,1.6943,1.52391,11.4288
613,286,69.5,0.417398,286,21,12.3075,9.04239,1.38183,1.84244,11.4122
614,427.7,104.6,0.592982,427.7,23,12.5139,9.33769,1.20711,2.56861,11.5184
615,1212.30,67.5,1.10138,1212.30,3,12.2191,8.89142,1.42426,0.782497,11.3592
616,928.4,205.2,0.465567,928.4,142,12.7072,9.93315,2.42361,3.70568,11.5836
617,122.2,30.5,0.199423,122.2,6,12.2503,8.89812,0.943643,0.491046,11.3814
618,874.3,215.9,1.35769,874.3,29,12.2778,8.9956,1.49796,1.45775,11.3858
619,799.8,186.8,1.29143,799.8,82,12.004,8.43094,0.527204,0.00,11.2712
620,626.8,150.8,0.840603,626.8,41,12.3263,9.07769,1.30818,1.49112,11.4118
621,459.3,113,0.754351,459.3,28,12.0418,8.48055,0.086196,0.00,11.2892
622,1053.70,249.5,1.42248,1053.70,97,12.1656,8.6982,0.338301,0.16237,11.3418
623,1054.90,254.5,1.61824,1054.90,80,12.4048,9.16817,1.15817,1.74368,11.4635
624,664.4,161,0.935551,664.4,32,12.3424,9.06234,1.20258,1.74263,11.434
625,1382.60,319.7,1.21335,1382.60,127,12.263,8.94089,0.827269,1.46225,11.382
626,100.7,26.5,0.206634,100.7,0.00,11.9533,8.4565,0.799236,0.00,11.2339
627,193.1,48.9,0.338267,193.1,7,11.938,8.30883,0.512945,0.00,11.2328
628,2848.50,478.7,0.831237,2848.50,253,12.3233,9.06201,1.10075,1.54135,11.4116
629,341.1,86.4,0.612926,341.1,12,11.9282,8.28062,0.0055821,0.00,11.2231
630,89.6,19.2,0.00,89.6,16,12.2209,8.8997,1.0411,0.00,11.373
631,541.4,129,0.647927,541.4,35,11.8997,8.30115,0.392733,0.00,11.2087
632,2988.80,662.6,1.31574,2988.80,452,12.0727,8.56895,0.270764,0.238687,11.2946
633,620.3,154.1,1.11185,620.3,32,12.0075,8.37744,0.00,0.00,11.2672
634,491.7,122.2,0.784917,491.7,22,12.1572,8.70018,0.616845,0.00,11.3391
635,268.8,69.9,0.525233,268.8,3,12.0986,8.58763,0.103052,0.681545,11.3055
636,1666.60,385.7,1.42453,1666.60,94,12.1504,8.77303,0.794239,0.00,11.3372
637,593,150.5,1.08028,593,20,12.2126,8.87071,0.854777,0.00,11.3684
638,938.5,223,1.31541,938.5,77,11.9518,8.31045,0.00,0.00124877,11.2342
639,10608.90,2174.90,4.43208,10608.90,1061.00,11.8365,8.18247,0.00,0.00,11.1718
640,131.1,34.5,0.273504,131.1,0.00,11.7283,8.04263,0.00,0.00,11.1147
641,190.9,48,0.33116,190.9,8,11.7485,8.05926,0.00,0.00,11.1253
642,5.7,1.5,0.0115385,5.7,0.00,11.7221,8.03825,0.00,0.00,11.1114
643,603.4,149.6,0.972432,603.4,33,11.6422,7.79114,0.00,0.00,11.0773
644,0.00,0.00,0.00,0.00,0.00,11.5587,7.75727,0.00,0.00,11.0228
645,138.7,36.5,0.295211,138.7,0.00,12.0682,8.532,0.331641,0.00,11.2936
646,157.7,41.5,0.327047,157.7,0.00,11.9005,8.26074,0.00,0.00,11.2089
701,2411.40,477.5,0.0441958,2411.40,444,12.9786,10.0701,1.22474,5.12355,11.7874
702,2021.70,416.4,0.129999,2021.70,372,12.8276,9.7311,1.288,5.23824,11.7143
703,6972.20,1527.70,0.250486,6972.20,394,13.0155,10.0737,0.984932,4.98513,11.8088
704,79.9,13.5,0.00421867,79.9,26,12.9556,10.0345,1.21574,5.27212,11.7749
705,30523.30,6577.60,0.497932,30523.30,4261.00,12.729,9.72276,0.867088,4.37377,11.6796
706,4254.20,883.6,0.0423729,4254.20,759,12.9577,10.0553,1.33499,4.36735,11.7821
707,4965.00,1013.30,0.00319252,4965.00,1043.00,12.9091,9.94302,0.783632,4.70215,11.7607
708,5448.00,1101.10,0.0394128,5448.00,1111.00,13.0274,10.2328,1.06447,4.62758,11.8131
709,5913.40,1245.10,0.0475262,5913.40,1038.00,12.9445,10.0583,1.12429,3.90672,11.7678
710,5510.90,1062.10,0.0547625,5510.90,1252.00,12.8311,9.85739,0.346664,4.31434,11.728
711,2589.40,533.7,0.0265116,2589.40,466,12.9381,10.1147,0.78601,4.41394,11.7762
712,4507.70,961.6,0.129589,4507.70,491,12.9232,10.0916,0.339172,4.30266,11.7698
713,3136.70,676.4,0.099335,3136.70,312,13.0595,10.3304,1.42059,3.85807,11.8136
714,373.6,73.7,0.00772378,373.6,67,12.8959,10.1784,0.535774,4.37875,11.7564
715,1546.10,233.3,0.138556,1546.10,305,12.9418,10.0884,1.09771,4.1864,11.768
716,6198.00,1270.20,0.397029,6198.00,919,12.8408,9.86332,1.38269,4.07412,11.7177
717,1505.00,329.5,0.0504184,1505.00,83,13.0011,10.211,1.04849,4.0565,11.7844
718,332.5,71.9,0.00934737,332.5,45,12.8621,9.93495,0.199549,3.90841,11.7452
719,130.5,26.2,0.000772114,130.5,27,12.8502,9.83102,0.00,3.69598,11.7462
720,23038.50,4693.20,0.274764,23038.50,4211.00,12.6389,9.49428,0.00,2.80703,11.621
721,7215.60,1404.90,0.129157,7215.60,1501.00,12.8261,9.88848,0.413855,3.81527,11.7231
722,0.00,0.00,0.00,0.00,0.00,12.6993,9.75744,2.26439,4.7541,11.636
723,7509.80,1491.80,0.220541,7509.80,1321.00,12.7244,9.63707,0.584172,3.69052,11.6697
724,8551.70,1737.70,0.176872,8551.70,1389.00,12.5792,9.40227,0.00,2.78575,11.6127
725,2378.90,470.7,0.0439238,2378.90,456,12.6505,9.60468,0.00,3.6222,11.6416
726,20964.10,4501.50,0.112506,20964.10,3512.00,12.7177,10.1968,2.3673,4.31111,11.6255
727,7295.90,1471.60,0.123238,7295.90,1324.00,12.586,9.35606,0.281171,3.6043,11.6244
728,485.6,91,0.0142357,485.6,127,12.5838,9.39309,0.886589,2.99031,11.6165
729,14680.40,1666.90,3.61418,14680.40,1786.00,12.5712,9.34437,0.680676,3.44687,11.6128
730,3743.40,704.9,0.0592458,3743.40,846,12.5153,9.35681,0.00,2.9532,11.5773
731,554.7,116.2,0.0167029,554.7,71,12.558,9.27737,0.00,2.84296,11.6144
732,5292.30,1086.50,0.154106,5292.30,741,12.5236,9.37304,0.00,2.94914,11.5722
733,4681.00,952.8,0.0909849,4681.00,767,12.5082,9.34214,0.00,3.2917,11.5738
734,14182.50,2543.30,0.613153,14182.50,2941.00,12.5559,9.31334,0.00,2.507,11.6115
735,3359.40,718.7,0.106026,3359.40,294,12.5846,9.39312,1.15744,3.02728,11.5908
736,13949.50,2939.50,0.200641,13949.50,2175.00,12.4556,9.21605,0.157973,3.19992,11.553
737,12467.30,2500.70,0.26801,12467.30,2205.00,12.5886,9.57753,0.233749,2.52259,11.5904
738,1896.70,362.6,0.0254079,1896.70,418,12.6692,9.81998,0.544447,2.65737,11.6225
739,10685.80,2173.90,0.161148,10685.80,1912.00,12.3811,9.07747,0.124582,1.22098,11.4891
740,927.5,202.4,0.0292783,927.5,58,12.8252,9.9925,1.54548,3.73949,11.6638
741,13453.20,2693.70,0.306462,13453.20,2255.00,12.4845,9.31071,0.00,2.29007,11.5523
742,988,213.7,0.0201137,988,117,12.7678,9.9024,1.06798,3.06813,11.6418
743,2884.10,529.3,0.269491,2884.10,783,12.4522,9.22854,0.00,2.87565,11.5412
744,1246.60,308.4,1.95063,1246.60,59,12.5089,9.51751,1.85619,3.13407,11.5186
745,7620.30,1514.00,0.134531,7620.30,1407.00,12.0345,8.498,0.00,1.54566,11.3327
746,13.1,2.9,0.00493756,13.1,2,12.4845,9.45071,1.77415,3.11838,11.5125
747,4409.90,820.9,0.0689308,4409.90,1044.00,12.428,9.27438,0.00,2.83183,11.517
748,3179.00,697,0.109321,3179.00,170,12.4718,10.3805,1.47282,3.00646,11.4266
749,26131.60,5719.60,0.982956,26131.60,1481.00,12.543,10.1604,1.30025,2.69555,11.496
750,8893.80,1947.90,0.350374,8893.80,506,12.5516,10.1177,1.93607,2.8917,11.5023
751,3115.70,681.1,0.117285,3115.70,205,12.6461,10.4204,1.61812,2.82068,11.5427
752,6187.60,1322.00,0.193695,6187.60,539,12.355,9.18283,0.00,2.21522,11.4684
753,4471.80,955,0.0638208,4471.80,642,12.4541,9.63132,1.18784,2.86065,11.4786
754,5568.60,1064.10,0.105143,5568.60,1185.00,12.349,9.31646,0.932127,3.01795,11.4372
755,7829.00,1589.40,0.146277,7829.00,1314.00,12.3149,9.11352,0.00,1.4724,11.4489
756,6858.30,1330.30,0.0360345,6858.30,1594.00,12.267,9.28291,0.00,1.60585,11.4048
757,3609.20,742.8,0.0971549,3609.20,475,12.3337,9.3524,0.00,1.07748,11.4428
758,2903.00,586.1,0.00675982,2903.00,619,12.3416,9.55194,0.00,1.3801,11.438
759,2399.90,481.9,0.0571212,2399.90,385,12.1517,8.73489,0.00,0.527126,11.3745
760,635.8,139.4,0.0215452,635.8,34,12.1223,8.70632,0.00,0.576427,11.354
761,0.00,0.00,0.00,0.00,0.00,12.0421,8.49678,0.00,0.00,11.3188
762,0.00,0.00,0.00,0.00,0.00,11.8071,8.06251,0.00,0.00,11.2018
763,0.00,0.00,0.00,0.00,0.00,12.7799,9.75802,1.62607,3.52147,11.6685
801,7671.20,1676.60,0.256885,7671.20,538,12.4999,10.2227,1.73409,2.48757,11.4145
802,4601.50,1036.80,2.07191,4601.50,255,12.3598,9.0946,1.20038,3.12612,11.4231
803,1345.50,313.3,1.25367,1345.50,95,12.2749,9.34348,1.61544,2.16594,11.3325
804,12275.10,2689.20,0.58877,12275.10,771,12.5072,10.2419,1.99457,2.46851,11.4147
805,1805.90,430.6,2.19001,1805.90,88,12.4227,9.72556,1.99908,2.0327,11.3971
806,1952.50,500.1,3.57829,1952.50,30,12.2793,9.00335,1.08244,2.20398,11.3759
807,125,30.4,0.185075,125,5,12.1866,9.03827,1.39846,1.52093,11.2983
808,101.4,23.5,0.159388,101.4,11,12.145,8.91337,1.13432,1.32233,11.2818
809,2993.30,682.6,1.90235,2993.30,224,12.3336,9.51879,1.82628,2.06759,11.3578
810,256.5,67.5,0.55499,256.5,0.00,12.2976,9.44691,1.76837,2.29706,11.3401
811,0.00,0.00,0.00,0.00,0.00,12.0955,8.54064,0.00,0.915988,11.3056
812,263.3,50.5,0.0119788,263.3,56,12.331,9.04287,0.219371,2.10007,11.4132
813,95.5,6,0.0233527,95.5,5,12.2727,8.89921,0.131971,1.92318,11.3872
814,395.8,96,0.612693,395.8,29,12.3531,9.67405,2.11375,1.87299,11.3514
815,12993.50,2837.50,0.864814,12993.50,909,12.3309,9.99856,2.02425,1.20843,11.3191
816,376.2,99,0.776575,376.2,0.00,12.2993,9.68399,1.70403,1.28259,11.3231
817,616.6,157.5,1.14757,616.6,17,12.0775,8.73999,0.855666,1.01455,11.2532
818,250.2,64.7,0.493808,250.2,4,12.0403,8.63148,0.664581,0.832984,11.2363
819,4251.90,780,1.8837,4251.90,355,12.1332,9.3285,1.77624,0.908968,11.2467
820,451.5,117.4,0.902421,451.5,5,12.0969,8.9784,1.62747,1.52136,11.2405
821,1215.60,268.8,0.595803,1215.60,186,12.209,9.58308,1.93554,1.46308,11.2732
822,5938.70,1287.90,0.32681,5938.70,681,12.2783,9.90263,2.06933,1.33892,11.2916
823,1207.00,312.9,2.57581,1207.00,13,12.0621,9.01026,1.86844,1.17387,11.2238
824,365.2,93.9,0.677085,365.2,8,11.8099,8.15523,0.00,0.00,11.1261
825,315,80,0.64589,315,10,12.0479,9.10334,1.6232,0.926662,11.2132
826,272.7,69.3,0.475576,272.7,3,11.9628,8.45171,0.00,0.00,11.2293
827,5315.70,472.4,4.00771,5315.70,223,11.985,8.75008,1.4618,0.907906,11.1838
828,3435.90,586.5,1.62703,3435.90,395,12.0372,8.99788,1.77547,0.903939,11.2073
829,2025.70,147,2.07621,2025.70,14,12.0825,8.79418,1.85264,0.789038,11.2675
830,1484.70,347.1,1.35578,1484.70,79,12.1064,8.80148,1.53339,0.301661,11.2838
831,266.3,64.4,0.424857,266.3,20,11.8162,8.36606,1.10505,0.103817,11.1045
832,574.3,140.9,0.990785,574.3,36,11.7776,8.26748,0.653349,0.0376867,11.0995
833,227.1,55.5,0.371619,227.1,15,11.9506,8.44423,0.258335,0.00,11.2208
834,306.8,60,0.0342015,306.8,61,11.9603,9.18702,0.124627,0.00,11.2039
835,1244.80,306.2,1.86255,1244.80,74,11.998,8.77809,1.95564,0.990276,11.2113
836,511.7,128,0.949571,511.7,23,11.895,8.54278,1.39289,0.651146,11.1553
837,60.8,16,0.123431,60.8,0.00,11.5965,7.92814,0.0987347,0.00,10.9962
838,1359.80,351.5,2.76381,1359.80,23,12.033,8.79121,1.85544,0.682325,11.2394
839,431.8,109.4,0.780673,431.8,13,11.5901,7.87633,0.00,0.00,10.9989
840,349.9,85.5,0.591186,349.9,23,11.7212,8.11542,0.283887,0.00,11.0651
841,739.7,190.7,1.43656,739.7,14,11.6674,7.91807,0.0907105,0.00,11.068
842,203.3,52.1,0.378831,203.3,5,11.8597,8.33664,1.07813,0.00,11.1611
843,66.4,17.2,0.125773,66.4,1,11.8185,8.25084,0.81046,0.00,11.1412
844,4584.70,936.1,0.132451,4584.70,698,11.7407,8.29528,0.00,0.00,11.1048
845,1362.60,344.9,2.4346,1362.60,45,11.258,7.33101,0.00,0.00,10.8326
847,652.2,159.8,0.943644,652.2,43,11.553,7.72185,0.00,0.00,11.0153
848,28,6,0.00,28,5,11.731,8.02569,0.00,0.00,11.1105
901,11510.90,2481.90,0.882344,11510.90,1623.00,12.9028,10.4449,2.77746,4.91703,11.6452
902,1759.90,383.9,0.375308,1759.90,210,12.739,10.0362,2.47667,4.27628,11.5894
903,341.6,83.2,0.514377,341.6,22,12.5692,9.55552,1.53657,2.84354,11.5293
904,13692.30,2981.20,0.512189,13692.30,941,13.0396,10.7451,2.83944,5.68653,11.7044
905,7702.40,1683.90,0.304832,7702.40,456,13.0618,10.7661,2.59547,5.35054,11.7349
906,3549.80,757.4,1.59889,3549.80,466,13.0473,10.3908,2.22284,4.13497,11.7762
907,8443.70,1823.70,0.300601,8443.70,699,13.0414,10.6503,2.49275,6.12261,11.6996
908,896.9,217.5,1.30425,896.9,61,12.8128,10.1824,2.42094,4.91007,11.6094
909,5165.00,1130.30,0.171188,5165.00,308,13.0572,10.5832,2.59344,4.85036,11.7569
910,124.6,32.5,0.25022,124.6,1,12.2661,8.93128,0.762035,1.84658,11.3953
911,953.9,222.1,0.946334,953.9,55,12.9053,10.3958,2.53232,5.31282,11.6403
912,1240.30,312.1,2.15431,1240.30,52,12.9065,10.1044,2.14235,3.93499,11.7175
913,112.2,24.6,0.00363468,112.2,6,13.0368,10.6485,2.5332,6.01941,11.7035
914,375.8,96,0.754431,375.8,10,12.9446,10.2282,2.27024,4.05863,11.7319
915,1074.60,258.5,1.41768,1074.60,60,12.8457,9.97607,2.19094,4.1863,11.6825
916,707.7,168.5,0.923474,707.7,56,12.6994,9.88411,1.95722,3.27998,11.5795
917,1208.90,292.1,1.71206,1208.90,95,12.9065,10.4047,2.05815,4.38707,11.6459
918,521.4,120.7,0.596102,521.4,47,12.4506,9.27999,1.10097,1.76561,11.4858
919,470.3,114,0.808058,470.3,34,12.5809,9.54967,1.37319,2.46517,11.5398
920,1955.20,438,1.4809,1955.20,197,12.6483,9.761,1.74872,3.11704,11.5589
921,16062.10,3517.90,0.678754,16062.10,992,12.9995,10.691,2.3415,4.90956,11.6778
922,8401.50,1853.30,2.86592,8401.50,772,13.0219,10.5882,2.37207,5.20896,11.699
924,2447.80,486.7,1.99193,2447.80,256,12.812,9.92031,2.22988,4.0118,11.6706
925,2617.70,434.7,3.9036,2617.70,104,12.9037,10.2391,2.46996,4.51594,11.6704
926,18582.50,4067.60,0.772039,18582.50,1139.00,13.1006,10.8576,2.36312,5.35953,11.7242
927,452,113.2,1.07479,452,21,12.901,10.4287,2.06723,4.17787,11.6447
928,6600.50,1445.10,0.322617,6600.50,380,13.1279,11.0394,2.27928,5.12838,11.7229
929,631.1,154.2,0.90784,631.1,25,12.1782,8.71415,0.011959,0.00,11.3576
930,17591.10,3847.00,1.1788,17591.10,1223.00,13,10.5511,2.24356,5.272,11.6979
931,562.1,141.1,1.00967,562.1,24,12.4136,9.19938,0.400878,1.4994,11.4666
932,7357.40,1606.40,2.26611,7357.40,1093.00,12.7331,10.0851,2.02904,3.17397,11.5887
933,4670.20,958.3,0.508958,4670.20,746,12.7876,10.211,2.09247,3.8412,11.6083
934,23493.70,5061.60,0.459348,23493.70,3086.00,12.9723,10.6446,1.99356,4.67546,11.6762
935,4306.90,680.4,3.48911,4306.90,307,12.8493,10.1279,2.41423,4.20387,11.6571
936,8150.90,1782.70,0.321632,8150.90,509,13.0816,10.8128,2.00161,5.21263,11.7192
937,1353.60,200,1.40678,1353.60,71,12.6243,9.83813,1.77288,2.77438,11.5458
938,13592.80,2972.90,0.657163,13592.80,777,13.1413,10.9152,2.3137,6.44184,11.7433
939,51311.90,11211.20,2.30473,51311.90,3272.00,12.9958,10.7484,2.54071,5.86646,11.6749
940,1900.50,450.6,2.19742,1900.50,158,11.9653,8.46163,0.712295,0.00,11.2493
941,720.4,185.7,1.427,720.4,10,12.4044,9.26948,1.40162,2.14691,11.457
942,6947.20,1105.40,1.29216,6947.20,946,12.8039,10.1202,1.98322,4.98955,11.6268
943,2244.90,496.4,1.01452,2244.90,319,12.8876,10.3093,1.42063,4.25601,11.6565
944,3066.40,646.4,0.00666369,3066.40,566,12.9034,10.3182,1.46069,4.80535,11.6636
945,15432.30,3371.40,0.63771,15432.30,959,13.0279,10.7185,2.27813,5.51586,11.6959
946,116,28.5,0.20938,116,7,12.3191,8.98975,0.00,0.00,11.4232
947,2376.70,575.8,4.01816,2376.70,89,12.9865,10.8159,2.43849,6.00158,11.6613
948,0.00,0.00,0.00,0.00,0.00,12.7973,9.99098,1.57184,4.56433,11.6431
949,712.8,174.4,1.10986,712.8,41,12.3965,9.22345,1.11186,1.97827,11.453
950,212.5,44.8,0.0427034,212.5,40,12.4499,9.31499,1.05976,2.49593,11.4771
951,30.4,8,0.0616079,30.4,0.00,12.2481,8.87425,0.00,0.219439,11.3889
952,5781.40,1214.30,0.885958,5781.40,1087.00,12.8526,10.2918,2.27787,5.73868,11.6386
953,4856.00,829.1,0.692172,4856.00,617,12.9669,10.6957,2.16291,5.09608,11.6718
954,19371.70,4065.00,0.113231,19371.70,3663.00,12.8507,10.2415,1.37809,4.16744,11.6404
955,9259.60,1898.00,0.114125,9259.60,1683.00,12.6225,9.72072,0.763075,3.53176,11.5676
956,11252.70,2268.80,0.38736,11252.70,1684.00,12.9666,10.7426,1.9646,4.87319,11.6658
957,4202.90,898,0.000819217,4202.90,757,12.8803,10.5489,1.98256,4.84851,11.6393
958,105.4,25,0.117348,105.4,10,12.211,8.81074,0.00,2.189,11.373
959,12117.10,2633.90,0.341951,12117.10,1105.00,12.8097,10.2261,1.55333,4.35739,11.6139
960,7525.40,1647.20,0.272678,7525.40,453,12.7574,10.1794,1.5633,4.28896,11.5934
961,3515.10,757.7,0.308794,3515.10,562,12.5199,9.43194,0.50295,3.27844,11.5216
962,14959.20,3199.20,0.336204,14959.20,1828.00,12.5694,9.63418,0.128347,2.68338,11.5466
963,108.2,25,0.168222,108.2,12,12.2347,8.89659,0.00359354,1.48404,11.3777
964,2244.40,506.6,1.79394,2244.40,269,12.1551,8.74485,0.00,2.10778,11.3401
965,392,90.4,0.500284,392,45,12.0848,8.58487,0.00,0.482231,11.3086
966,0.00,0.00,0.00,0.00,0.00,11.5772,7.73579,0.00,0.00,11.0479
967,5790.80,1213.70,0.155399,5790.80,719,12.4848,9.41552,0.963475,3.60083,11.4945
968,5132.30,942.6,0.034391,5132.30,1358.00,12.5666,9.57656,0.802087,3.16501,11.5373
969,2960.80,641.7,0.0962858,2960.80,224,12.7771,10.4098,1.58756,4.40489,11.5953
970,0.00,0.00,0.00,0.00,0.00,12.3312,9.06466,0.00,2.11626,11.4365
971,2367.50,537,2.26404,2367.50,137,12.6271,9.84297,1.97063,3.84261,11.5448
972,4676.80,1000.20,0.110966,4676.80,540,12.7465,10.3554,1.74729,4.08339,11.5835
973,423.6,109.8,0.845647,423.6,6,12.498,9.52271,2.00939,3.79603,11.4983
974,1142.40,286,1.91441,1142.40,39,12.4419,9.40457,1.78686,3.34646,11.4679
975,798,198.3,1.30557,798,38,12.3979,9.23674,0.230952,2.75215,11.4499
976,1836.80,412.6,0.954419,1836.80,134,12.7244,10.17,2.04252,3.92859,11.5802
977,400.3,100.4,0.899864,400.3,18,12.5674,9.71097,2.15293,3.85548,11.527
978,374.4,89.4,0.478787,374.4,33,12.1027,8.64517,0.00,0.909472,11.3132
979,1929.00,456.1,2.06011,1929.00,106,12.5429,9.77883,2.12694,3.68008,11.5112
980,983.4,258.5,2.03372,983.4,1,12.4381,9.59647,1.92393,3.58992,11.4642
981,2984.20,652.5,0.0948104,2984.20,189,12.6098,9.84295,0.76923,3.34602,11.5285
982,3833.30,830.3,3.01607,3833.30,577,12.2507,9.12448,1.27824,2.93014,11.3724
983,40.8,9,0.0546825,40.8,6,12.4098,9.41331,0.00,2.89275,11.4385
984,10953.60,2345.00,0.00331708,10953.60,1955.00,12.4289,10.0385,0.870838,3.02601,11.4242
985,4237.90,936.9,2.53175,4237.90,567,12.3587,9.52382,1.36562,3.01478,11.4006
986,2777.60,591.2,0.00,2777.60,509,12.4175,9.64295,0.843071,3.32649,11.4254
987,4046.20,823.3,0.0618916,4046.20,718,12.531,10.5879,1.19689,3.15009,11.4497
988,9745.60,2111.30,0.301232,9745.60,818,12.5746,9.89985,0.468783,3.90027,11.4951
989,9881.30,2058.00,0.135967,9881.30,1597.00,12.2327,9.21322,0.975339,2.85335,11.3497
990,4299.20,851.5,0.058595,4299.20,855,12.2775,9.30617,0.792219,2.67352,11.3649
991,7873.70,1670.60,0.189059,7873.70,969,12.6448,10.499,1.12746,3.31921,11.5037
992,4623.20,985.7,0.116625,4623.20,528,12.6339,10.5666,1.43098,3.24476,11.4944
993,4796.60,1110.50,3.94013,4796.60,282,12.4363,9.79282,1.81677,3.39768,11.4221
994,87.4,23,0.177706,87.4,0.00,11.9736,8.61265,0.93919,0.00,11.2503
995,112.1,29.5,0.226962,112.1,0.00,11.6653,7.89133,0.00,0.00,11.0979
1001,66,16,0.0868642,66,5,12.6114,9.24268,2.59254,3.97286,11.5297
1002,105.2,19.4,0.00,105.2,29,12.6101,9.30703,2.4281,4.25348,11.5144
1003,676.3,170.7,1.19486,676.3,26,12.2362,8.59166,1.22883,3.28049,11.3511
1004,886.2,219,1.4233,886.2,51,12.4581,8.92099,1.76056,2.5127,11.4665
1005,3.8,1,0.00768941,3.8,0.00,12.439,8.99015,0.642416,2.80843,11.4381
1006,0.00,0.00,0.00,0.00,0.00,12.4445,8.97795,1.27476,3.57403,11.4474
1007,1355.90,337.6,2.27327,1355.90,69,12.6395,9.4796,1.93464,3.33953,11.5789
1008,3791.10,836,1.08853,3791.10,272,12.7648,9.74142,2.20824,3.21375,11.6449
1009,895.9,201.9,1.14548,895.9,107,12.7451,9.61864,1.80359,3.03033,11.6443
1010,1304.50,336.5,2.51714,1304.50,24,12.274,8.66944,0.547685,2.99332,11.3727
1011,4963.80,1086.00,0.182757,4963.80,282,12.7496,9.70401,1.74594,3.01936,11.6385
1012,979.3,253.8,1.90435,979.3,14,12.2903,8.78847,0.309011,1.15753,11.4267
1013,470.3,120,0.905518,470.3,13,12.4221,8.93615,0.78331,2.26906,11.4977
1014,1129.20,289,2.22327,1129.20,29,12.3713,8.8525,0.887253,2.0286,11.4736
1015,0.00,0.00,0.00,0.00,0.00,12.3094,8.66035,1.0578,2.10578,11.4013
1016,5271.50,998.8,0.0483972,5271.50,1295.00,12.3019,8.92488,0.377043,2.28275,11.4137
1017,1313.10,248.1,0.0179966,1313.10,310,12.4647,9.22463,0.74476,1.64792,11.5065
1018,793.6,207.2,1.59648,793.6,6,12.5971,9.29559,1.47951,3.00775,11.5756
1019,869,205.1,0.860324,869,36,12.4734,9.2633,1.20333,2.56535,11.5027
1020,26820.00,616.3,11.6613,26820.00,527,12.2398,8.595,0.724352,0.780243,11.3793
1021,2581.30,571.3,1.49694,2581.30,349,12.5912,9.48885,1.85847,2.82206,11.5472
1022,453.9,118.9,0.943991,453.9,2,12.5751,9.29402,1.46963,3.06352,11.5589
1023,643.6,150.2,0.684569,643.6,43,12.2728,9.00076,0.420086,3.44658,11.3823
1024,1517.10,327.7,0.242158,1517.10,226,12.3176,8.98981,0.584806,3.65521,11.4042
1025,1126.30,282.3,1.96011,1126.30,50,12.0467,8.31353,0.00,1.96326,11.2796
1026,548.3,142.1,1.07572,548.3,8,12.496,9.14201,1.48491,2.68937,11.5154
1027,5343.20,900,0.0368101,5343.20,1750.00,12.4704,9.12205,0.471387,1.53145,11.5144
1028,417.7,107.7,0.784642,417.7,4,12.259,9.15108,0.23581,2.68333,11.3845
1029,53.2,14,0.108418,53.2,0.00,12.4684,9.14791,1.41669,2.68755,11.4959
1030,3818.00,68.7,0.979543,3818.00,56,12.4854,9.18517,1.2856,2.24232,11.5025
1031,0.00,0.00,0.00,0.00,0.00,12.2463,8.61487,0.503917,2.19035,11.3842
1032,2226.20,499.2,0.81285,2226.20,130,12.4545,9.19549,1.48543,2.66327,11.488
1033,91.9,19.5,0.00439996,91.9,17,12.1413,8.50726,0.00,2.65149,11.3274
1034,171.6,30.2,0.00,171.6,52,12.1717,8.49265,0.00,0.395946,11.3724
1035,757.4,190.1,1.41035,757.4,32,11.9218,8.16234,0.00,1.75836,11.2287
1036,0.00,0.00,0.00,0.00,0.00,11.877,8.04554,0.00,0.471116,11.2136
1037,2708.10,644.6,3.05752,2708.10,119,12.3761,9.04707,1.13572,2.2181,11.4545
1038,397.1,81.2,0.0187065,397.1,57,12.0991,8.46101,0.311084,2.62431,11.3177
1039,147.9,34.9,0.227693,147.9,14,12.0969,8.42422,0.00,2.7113,11.3173
1040,519.2,127.8,0.879065,519.2,29,11.6916,7.83317,0.00,0.907582,11.1069
1041,3420.40,628,2.33253,3420.40,323,12.1298,8.68115,1.01657,2.03104,11.327
1042,169,44.2,0.334788,169,1,12.1362,8.5209,0.00,2.82741,11.334
1043,1363.60,283.1,0.383029,1363.60,256,11.7404,7.90674,0.00,1.13158,11.1331
1044,178.4,41.3,0.231561,178.4,20,11.83,8.02124,0.00,1.48507,11.181
1045,782.8,185.2,0.810088,782.8,28,12.2026,9.03425,1.63105,2.36447,11.3538
1046,933.6,191.1,0.0197496,933.6,153,12.0047,8.41235,0.668764,2.6961,11.2574
1047,1543.10,392.8,2.88966,1543.10,30,12.0489,8.5285,0.844446,2.74376,11.2773
1048,213.9,56,0.429713,213.9,1,11.4868,7.61522,0.00,0.00,10.9677
1049,906.3,224.8,1.33131,906.3,18,12.0717,8.44806,0.562591,1.57435,11.3051
1050,1736.80,383.9,0.331308,1736.80,117,12.0715,8.75381,1.47814,1.98222,11.2868
1051,607,152.9,1.10565,607,24,11.4929,7.63905,0.00,0.00,10.9771
1052,453.1,115.1,0.794766,453.1,13,11.9489,8.44403,1.25346,1.18405,11.2295
1053,2332.60,542.4,2.11603,2332.60,168,11.9579,8.43465,1.03833,1.38019,11.232
1054,1361.30,133.4,0.766752,1361.30,83,11.945,8.48605,1.53346,1.57215,11.2211
1055,414.9,107.8,0.808712,414.9,5,11.5993,7.77873,0.00,0.00,11.0306
1056,1731.70,318.6,0.0177574,1731.70,437,11.8442,8.13758,0.00,1.0434,11.1773
1057,354.4,92.7,0.711261,354.4,2,11.8293,8.28639,1.26074,1.08908,11.1632
1058,896.8,213.8,0.997305,896.8,29,11.9682,8.68443,1.50141,1.48063,11.229
1059,543.6,139,1.06268,543.6,14,11.6738,7.8678,0.00,0.244717,11.0866
1060,850.2,198.5,0.922397,850.2,71,11.8414,8.61675,1.68143,1.30882,11.1567
1061,950.7,232,1.49005,950.7,61,12.0251,8.4483,0.189004,2.32812,11.2727
1062,257.9,64.7,0.472074,257.9,11,11.6562,7.80392,0.00,0.101356,11.082
1063,869.5,215.9,1.55097,869.5,41,11.7267,8.022,0.661589,0.859284,11.1024
1064,734.2,189.8,1.43676,734.2,12,11.7226,8.20314,1.25201,1.03717,11.0996
1065,4741.20,232.2,1.57104,4741.20,171,11.88,8.26721,0.00,0.52764,11.1824
1066,967.8,242.9,1.62107,967.8,21,11.7549,8.18616,1.42888,1.05772,11.1148
1067,135,33.5,0.244143,135,7,11.9709,8.4812,0.354725,1.12551,11.2264
1068,342.9,88.5,0.711547,342.9,6,11.58,7.94119,1.1897,1.00396,11.0184
1069,834.8,213.7,1.59323,834.8,21,11.5065,7.75471,0.853559,0.022252,10.9616
1070,16342.40,3356.00,3.4712,16342.40,1104.00,11.9237,8.67104,0.385416,1.49375,11.1796
1071,409.9,101.5,0.740272,409.9,22,11.5724,8.02995,1.39666,0.644781,10.9996
1072,1569.30,217.3,1.46956,1569.30,101,11.4753,7.70689,0.627351,0.00,10.935
1073,383.8,101,0.78456,383.8,0.00,11.576,7.92769,1.14979,1.14252,11.0038
1074,1461.30,203.7,1.37918,1461.30,81,11.6526,7.87419,0.356318,0.990178,11.0616
1075,964.6,249,1.90663,964.6,17,11.4994,7.79127,1.03074,0.883163,10.9598
1077,777.4,175.4,0.990197,777.4,100,11.6255,7.77619,0.00,0.00,11.0578
1078,561.8,142,0.976577,561.8,21,11.6396,7.81177,0.00,0.00,11.0603
1079,591.2,155,1.20198,591.2,2,11.4831,7.69671,0.617548,1.33785,10.9431
1080,2322.90,193.7,2.18709,2322.90,43,11.5044,7.75408,0.917847,1.31755,10.9588
1101,3365.90,691.6,1.67701,3365.90,578,12.6046,9.48614,1.05683,2.80102,11.6199
1102,1549.00,257.4,1.9433,1549.00,170,12.5537,9.59696,1.62003,1.97028,11.5803
1103,2488.00,556.7,1.70449,2488.00,254,12.4848,9.53768,2.00134,1.87725,11.5382
1104,18.8,4.4,0.0185341,18.8,2,12.354,8.91342,0.00,1.32889,11.515
1105,1067.40,276.6,2.21417,1067.40,15,12.4733,9.36344,1.65613,1.83655,11.5214
1106,231.9,53.9,0.32139,231.9,21,12.4543,9.19298,0.503027,2.02771,11.5497
1107,829.6,213.2,1.711,829.6,16,12.508,9.59601,2.13928,1.56541,11.5363
1108,772.9,198.1,1.44368,772.9,15,12.3275,9.07372,1.56964,1.05978,11.4648
1109,5128.90,1110.10,0.196576,5128.90,393,12.4877,9.38192,1.91957,1.76176,11.5401
1110,735.3,193.5,1.64949,735.3,0.00,12.4745,9.33264,1.87342,1.28411,11.5279
1111,1172.50,294.2,2.07261,1172.50,45,12.3733,9.18667,1.79637,0.687924,11.4761
1112,1230.50,318.6,2.44847,1230.50,19,12.409,9.21919,1.6494,0.705631,11.4899
1113,224,48,0.00,224,40,12.3164,8.889,0.00,0.765657,11.4808
1114,0.00,0.00,0.00,0.00,0.00,12.0151,8.39856,0.00,0.00,11.3011
1115,1753.40,447.4,3.34732,1753.40,47,12.3563,9.12115,1.59271,1.16246,11.4784
1116,37.4,8.2,0.0097422,37.4,6,12.0361,8.38255,0.00,0.00,11.3424
1117,704.3,6.1,0.207385,704.3,3,12.0636,8.48867,0.00,0.00,11.3277
1118,762.2,172.2,0.427351,762.2,47,12.1006,8.5926,0.629533,0.00,11.3548
1119,1569.90,375.8,1.94295,1569.90,132,11.9391,8.36427,0.47107,0.00,11.2705
1120,0.00,0.00,0.00,0.00,0.00,11.8217,8.0757,0.00,0.00,11.2039
1121,0.00,0.00,0.00,0.00,0.00,11.6143,7.74587,0.00,0.00,11.0898
1122,0.00,0.00,0.00,0.00,0.00,12.1381,8.59945,0.00,0.00,11.371
1123,275.6,50.2,0.00,275.6,78,11.7412,7.91819,0.00,0.00,11.1749
1124,1370.00,233.6,1.28435,1370.00,107,12.0513,8.43382,0.00,0.00,11.3462
1125,0.00,0.00,0.00,0.00,0.00,12.0138,8.39772,0.00,0.00,11.3016
1126,1177.40,300.7,2.12606,1177.40,33,11.9165,8.28821,0.108821,0.00,11.2731
1127,0.00,0.00,0.00,0.00,0.00,11.5094,7.59044,0.00,0.00,11.0331
1128,24.7,6.5,0.0500464,24.7,0.00,11.609,7.74596,0.00,0.00,11.0905
1129,0.00,0.00,0.00,0.00,0.00,11.9651,8.46576,0.535214,0.293733,11.246
1130,1.9,0.5,0.0038773,1.9,0.00,11.8053,8.14413,0.00,0.00,11.1705
1131,10.5,2.2,0.00506686,10.5,2,11.5817,7.92946,0.00,0.00,11.0137
1201,380.5,98.2,0.734451,380.5,3,12.6554,10.3462,2.40617,2.93045,11.5535
1202,375.6,97.2,0.755563,375.6,6,12.5993,10.52,2.31484,3.35418,11.5223
1203,192.2,50,0.38933,192.2,2,12.4957,9.53266,2.12239,3.02192,11.5068
1204,432.7,111.6,0.873906,432.7,8,12.4187,9.36258,2.19587,2.51386,11.4657
1205,698.6,176.7,1.43198,698.6,21,12.4216,9.38868,2.295,2.05074,11.4611
1206,264.1,69.5,0.590639,264.1,0.00,12.4117,9.38717,2.09935,2.38305,11.4586
1207,721.8,184.2,1.28359,721.8,11,12.2867,9.23372,2.21289,1.22252,11.3772
1208,1.9,0.5,0.00384468,1.9,0.00,12.0926,8.63144,0.00,0.146144,11.288
1209,102.4,25.5,0.192223,102.4,5,12.484,9.56931,2.32139,2.63715,11.4901
1210,943.5,56.2,0.826653,943.5,8,12.3948,9.36569,2.32015,2.22187,11.4464
1211,649,163.4,1.09347,649,13,12.4464,9.58212,2.29569,2.73732,11.4635
1212,420.8,108.5,0.811626,420.8,6,12.283,9.14552,2.21234,1.70444,11.3868
1213,2474.60,482.7,1.33149,2474.60,280,12.0215,8.68967,1.29221,0.0144437,11.2596
1214,557.4,145.3,1.20871,557.4,3,12.3491,9.38678,2.18621,2.70726,11.4158
1215,141.9,35.7,0.273784,141.9,6,12.267,9.285,2.26508,1.20598,11.3601
1216,1924.30,451.5,2.10425,1924.30,196,12.2336,9.30284,2.12651,0.647821,11.3436
1217,795.2,200.7,1.35843,795.2,15,12.3378,9.25887,2.10945,2.12431,11.4145
1218,581.3,149.4,1.13446,581.3,13,12.2118,9.12806,2.25285,1.27729,11.3356
1219,851.4,220.4,1.6836,851.4,13,12.2549,9.23563,2.29982,1.7087,11.3582
1220,6507.00,1477.10,4.27507,6507.00,547,12.4067,9.52238,2.04365,2.4387,11.4463
1221,487.6,126.9,0.978658,487.6,5,11.8585,8.36891,0.724388,0.00,11.1454
1222,2502.40,556.8,0.818104,2502.40,191,12.3217,9.29722,2.11789,2.3768,11.4022
1223,9273.30,2054.20,2.10581,9273.30,617,12.1611,9.17635,2.15363,0.953517,11.2929
1224,3388.40,6.8,0.852491,3388.40,8,12.113,8.86835,1.74829,0.35956,11.2717
1225,5.7,1.5,0.0115346,5.7,0.00,11.8381,8.4048,0.769029,0.00,11.12
1226,24.7,6.5,0.0501257,24.7,0.00,11.8899,8.49646,1.00066,0.00,11.1586
1227,390.2,99,0.727432,390.2,13,12.323,9.31766,2.07459,2.55488,11.3978
1228,1386.70,198.8,1.57814,1386.70,58,12.1803,9.33166,2.43573,0.986718,11.2944
1229,61.8,15.7,0.115946,61.8,2,11.9849,8.52033,1.32238,0.00,11.2095
1230,2034.80,444.1,2.15308,2034.80,321,12.2104,9.13048,2.07112,2.49169,11.3458
1231,1428.70,365.4,2.70675,1428.70,26,11.9252,8.75673,1.96171,0.00,11.1655
1232,211.8,52.1,0.337422,211.8,13,11.8992,8.58207,0.703375,0.00,11.151
1233,919.1,209.9,0.807625,919.1,100,11.9547,8.83784,1.36226,0.00,11.1578
1234,3176.20,728.7,3.10321,3176.20,328,12.0856,9.18787,2.44618,0.797134,11.2421
1235,1853.90,126.2,1.05382,1853.90,71,11.991,8.87609,2.07995,1.16215,11.22
1236,991.5,139.2,1.06324,991.5,48,11.8219,8.38146,1.39137,0.00,11.1293
1237,222.5,57.7,0.437577,222.5,3,11.7449,8.41935,0.489823,0.00,11.0595
1238,1036.10,240.8,1.03761,1036.10,116,12.1192,8.89933,1.49016,2.54867,11.3113
1239,1204.00,274.1,0.889692,1204.00,156,11.893,8.83794,1.68133,0.00,11.147
1240,1041.70,251.4,1.35397,1041.70,83,11.7862,8.69285,1.04156,0.00,11.072
1241,5318.60,1175.60,1.57763,5318.60,459,11.8596,9.09345,1.53332,0.00,11.0852
1242,6473.40,1441.30,1.96517,6473.40,418,11.9893,9.11553,2.0813,0.691337,11.1987
1243,5818.80,1246.60,0.00,5818.80,1040.00,0.00,0.00,0.77964,2.41882,0.00
1244,2266.50,420.3,2.66777,2266.50,167,11.9085,8.74978,1.76584,1.68553,11.1814
1245,1737.90,379.6,0.229023,1737.90,214,11.9546,9.10667,1.92802,0.214029,11.1699
1246,3362.60,719.7,0.612384,3362.60,461,11.8629,9.26415,1.50782,0.00,11.0843
1247,331.6,84.8,0.635307,331.6,9,11.7144,8.24973,0.878828,0.00,11.0403
1248,1366.70,302.8,0.632186,1366.70,207,11.6998,8.22586,0.207254,0.00,11.0601
1249,897.5,223.5,1.42508,897.5,28,11.6997,8.27571,0.998961,0.00,11.0661
1250,0.00,0.00,0.00,0.00,0.00,11.8215,8.21852,0.00,1.84662,11.1777
1251,1157.30,245.9,0.572537,1157.30,197,11.6423,8.08511,0.566056,0.173612,11.0606
1252,715.9,185.5,1.4214,715.9,10,11.6729,8.15751,0.672704,0.329136,11.075
1253,1295.70,328.6,2.34655,1295.70,30,11.3354,7.64353,0.00,0.00,10.847
1254,2732.10,409.9,2.24127,2732.10,179,11.5164,8.01618,0.661845,0.00,10.9284
1255,2044.30,475.9,1.9165,2044.30,146,11.6639,8.36248,0.920976,0.00,10.999
1256,1030.90,267.7,2.02932,1030.90,13,11.577,8.04153,0.567429,0.00,10.9945
1257,0.00,0.00,0.00,0.00,0.00,11.7776,8.12986,0.00,1.49302,11.1564
1258,567.5,148.2,1.14046,567.5,4,11.6389,8.31329,1.02308,0.00,10.9861
1259,0.00,0.00,0.00,0.00,0.00,11.3588,7.49229,0.00,0.00,10.9156
1260,278.6,71.4,0.507729,278.6,7,11.3928,7.80268,0.557667,0.00,10.8686
1261,665.1,170.7,1.29019,665.1,15,11.2532,7.50031,0.00,0.00,10.8009
1262,486.3,127.7,0.980431,486.3,1,11.4996,7.78856,0.00,0.00,10.9775
1263,657.3,168.1,1.25723,657.3,17,11.3218,7.53544,0.00,0.00,10.861
1264,568.2,145.2,1.0899,568.2,15,11.5405,8.00581,0.662967,0.00,10.9736
1267,850.9,211.9,1.38623,850.9,25,11.0773,7.11009,0.00,0.00,10.7319
1301,186.7,47.2,0.329288,186.7,3,11.46,7.85222,0.092035,0.00,10.9452
1302,597.2,154.6,1.1646,597.2,9,11.1449,7.18161,0.00,0.00,10.7769
1303,0.00,0.00,0.00,0.00,0.00,11.1407,7.02303,0.00,0.00,10.7721
1304,617.7,155.2,1.0862,617.7,20,11.7541,8.03123,0.00,0.00,11.1241
1305,17.1,4.5,0.0346047,17.1,0.00,11.8116,8.07916,0.00,0.00,11.1567
1306,1585.30,395.7,2.65327,1585.30,77,11.0754,7.06835,0.00,0.00,10.7391
1307,607.1,149.1,1.06248,607.1,37,10.9652,6.95399,0.00,0.00,10.6725
1308,352.2,90.4,0.67037,352.2,8,11.6954,7.8935,0.00,0.00,11.0965
1309,778.1,198.1,1.39938,778.1,24,10.5308,6.84375,0.638791,0.00,10.3866
1310,0.00,0.00,0.00,0.00,0.00,10.7607,6.61175,0.00,0.00,10.558
1311,301.5,78.2,0.592966,301.5,4,10.9087,6.9516,0.00,0.00,10.6356
1312,733.9,183.7,1.27214,733.9,34,10.8163,7.11797,0.629977,0.00,10.5665
1313,1010.70,261.1,2.00747,1010.70,17,10.3979,6.50043,0.00,0.00,10.3084
1314,291.7,69.7,0.422363,291.7,23,11.3363,7.46018,0.00,0.00,10.8924
1315,258.2,66.5,0.504989,258.2,5,10.8565,6.90916,0.00,0.00,10.6036
1316,899.9,229.3,1.64117,899.9,27,10.6681,6.99357,0.687821,0.00,10.474
1317,18,3,0.00,18,6,11.227,7.18365,0.00,0.00,10.8213
1318,1.9,0.5,0.00384462,1.9,0.00,11.5213,7.72617,0.00,0.00,10.9994
1319,300.7,56,0.00951134,300.7,79,11.5557,7.71153,0.00,0.00,11.0186
1320,4346.90,940.3,0.0768297,4346.90,556,11.4748,8.01987,0.00,0.00,10.9494
1321,0.00,0.00,0.00,0.00,0.00,11.519,8.55844,0.00,0.00,10.9512
1322,315.4,83,0.642944,315.4,0.00,11.3256,7.47168,0.00,0.00,10.886
1323,3153.30,677.1,0.0116138,3153.30,528,11.3897,8.08928,0.00,0.00,10.8865
1324,657.7,169.2,1.22865,657.7,14,11.2987,7.39773,0.00,0.00,10.8739
1325,113.3,27.5,0.195201,113.3,8,10.7614,6.65524,0.00,0.00,10.5572
1326,7801.70,1710.50,1.91227,7801.70,565,11.2092,7.69981,0.00,0.00,10.789
1327,0.00,0.00,0.00,0.00,0.00,10.4769,6.18283,0.00,0.00,10.4031
1328,963.1,103.9,0.304301,963.1,121,11.1491,7.23269,0.00,0.00,10.7798
1329,329.4,83.5,0.627735,329.4,11,11.0589,7.14177,0.00,0.00,10.7252
1330,129.5,28.8,0.0927815,129.5,19,11.2213,7.36197,0.00,0.00,10.8208
1331,72.5,18.5,0.138571,72.5,2,10.8111,6.73998,0.00,0.00,10.5848
1332,3.8,1,0.00768927,3.8,0.00,10.2419,5.88871,0.00,0.00,10.2604
1333,837.8,183.8,0.0597346,837.8,60,11.0757,7.1182,0.00,0.00,10.7441
1334,1.9,0.5,0.00384462,1.9,0.00,10.393,6.07965,0.00,0.00,10.3513
1335,2913.50,658.4,1.55629,2913.50,245,11.5262,7.75924,0.00,0.00,10.9885
1401,0.00,0.00,0.00,0.00,0.00,12.1699,9.00426,0.00,0.0149187,11.3004
1402,6425.80,1406.00,0.209236,6425.80,397,12.1693,9.47916,0.583754,0.00,11.2563
1403,18119.20,3962.30,0.63129,18119.20,1139.00,12.1276,9.50369,1.01863,0.00,11.2246
1404,10670.10,2335.40,0.390816,10670.10,644,12.0908,9.24652,0.597007,0.00,11.2225
1405,1406.00,352.1,2.30931,1406.00,41,12.0338,9.15136,1.00468,0.00,11.1862
1406,491.1,121.8,0.765623,491.1,27,12.0067,9.12617,0.295984,0.00,11.1802
1407,8541.90,1872.60,0.66657,8541.90,601,12.0745,9.29631,0.987628,0.00,11.207
1408,3143.80,534.4,2.8635,3143.80,222,11.8298,8.52685,1.09216,0.00,11.0971
1409,1081.30,267.7,1.72257,1081.30,51,11.9349,8.80953,1.35199,0.00,11.1496
1410,433.2,105.1,0.642815,433.2,32,11.798,8.55268,1.57309,0.00,11.0766
1411,298.7,76,0.576682,298.7,9,11.8464,8.57873,1.47973,0.00,11.0988
1412,409,61.7,0.054763,409,51,11.6733,8.08334,0.00,0.00,11.0351
1413,645.1,156,0.8985,645.1,50,11.8349,8.49634,0.832258,0.00,11.1051
1414,210.9,55.5,0.433863,210.9,0.00,11.593,8.07374,1.00555,0.00,10.9699
1415,412.3,108.5,0.858961,412.3,0.00,11.6512,8.14727,0.942579,0.00,11.0047
1416,616.1,139.4,0.290105,616.1,35,11.7106,8.24327,0.87175,0.00,11.0385
1417,707.4,181.7,1.35966,707.4,16,11.6324,8.0924,0.843294,0.00,10.996
1418,800.4,201.6,1.43857,800.4,19,11.7174,8.46028,1.38187,0.00,11.0335
1419,699.2,182.6,1.51944,699.2,5,11.6589,8.39415,1.50463,0.00,10.9947
1420,0.00,0.00,0.00,0.00,0.00,11.7029,8.25893,0.977368,0.00,11.029
1421,5.7,1.5,0.011534,5.7,0.00,11.5463,7.83246,0.00,0.00,10.9555
1422,0.00,0.00,0.00,0.00,0.00,11.6712,8.13857,0.923647,0.00,11.0023
1423,739.1,194.5,1.55435,739.1,0.00,11.4799,7.80193,0.889769,0.00,10.9116
1424,5.6,1.2,0.00,5.6,1,11.5843,8.01129,1.07062,0.00,10.9662
1425,0.00,0.00,0.00,0.00,0.00,11.4054,7.76041,0.00,0.00,10.8664
1426,0.00,0.00,0.00,0.00,0.00,11.5655,7.91519,0.00,0.00,10.953
1427,1.9,0.5,0.00394413,1.9,0.00,11.6043,7.98898,0.00,0.00,10.9734
1428,3740.70,158.4,1.01192,3740.70,132,11.4383,7.73424,0.772744,0.00,10.8782
1429,3858.70,837.3,0.694775,3858.70,316,11.1985,8.04727,0.742271,0.00,10.709
1430,547.2,144,1.12583,547.2,0.00,11.3443,7.58278,0.56966,0.00,10.8302
1431,167,42.5,0.320175,167,5,10.9853,7.30248,0.00,0.00,10.6155
1432,48,8,0.00,48,16,11.4937,7.77665,0.00,0.00,10.9174
1433,99.2,23.5,0.162871,99.2,9,11.0994,7.22277,0.00,0.00,10.6974
1434,976.2,254.4,1.93757,976.2,9,10.9039,7.69273,0.978916,0.00,10.5599
1435,0.00,0.00,0.00,0.00,0.00,11.4658,7.78876,0.133571,0.00,10.8967
1436,837.7,214.7,1.53519,837.7,15,11.3794,8.11354,1.18833,0.00,10.8337
1437,4503.80,1004.00,1.19755,4503.80,266,11.2978,8.04018,0.532621,0.00,10.7731
1438,1418.70,167.2,0.72152,1418.70,103,11.2187,7.62117,0.381175,0.00,10.7428
1439,270.4,68.1,0.465292,270.4,11,11.4926,7.88304,0.0340398,0.00,10.9055
1440,586.7,151,1.22467,586.7,12,11.2295,8.22668,0.789257,0.00,10.7186
1441,172.9,45.5,0.37182,172.9,0.00,11.4116,7.68723,0.00,0.00,10.8693
1442,94.5,23.5,0.145787,94.5,5,10.9319,7.25025,0.00,0.00,10.581
1443,288.6,75.4,0.575616,288.6,2,10.9425,7.61336,0.782667,0.00,10.5816
1444,540.3,131.9,0.782588,540.3,19,11.3052,7.91449,0.833755,0.00,10.7809
1445,721,183.8,1.34683,721,21,10.9535,7.27587,0.00,0.00,10.5922
1446,28.5,7.5,0.0577024,28.5,0.00,11.4627,7.92731,0.108816,0.00,10.8781
1447,306,76.2,0.579104,306,15,11.4012,7.85831,0.46681,0.00,10.8455
1448,1576.20,379.6,2.06719,1576.20,128,10.9028,7.27295,0.405534,0.00,10.5689
1449,1307.60,301.3,0.97127,1307.60,78,10.9596,7.37964,0.404778,0.00,10.5835
1450,68.4,18,0.138528,68.4,0.00,10.971,7.42485,0.332778,0.00,10.5873
1451,0.00,0.00,0.00,0.00,0.00,10.7995,6.78843,0.00,0.00,10.5055
1452,295.2,75.4,0.56461,295.2,8,10.7792,7.05267,0.0898446,0.00,10.4811
1453,1383.70,313.2,0.823101,1383.70,85,11.412,8.18267,1.15181,0.00,10.8244
1454,1546.20,341.1,0.580951,1546.20,240,11.0455,7.49783,0.0731409,0.00,10.6343
1455,1465.90,365,2.37,1465.90,57,11.2383,7.84994,0.838207,0.00,10.7188
1456,26.6,7,0.0550478,26.6,0.00,11.2889,7.88493,0.00,0.00,10.7557
1457,395.2,104,0.812533,395.2,0.00,10.6833,6.87816,0.131525,0.00,10.4089
1458,367.8,94.2,0.711178,367.8,9,10.9287,7.29756,0.30314,0.00,10.566
1459,172.2,43,0.315355,172.2,8,10.7441,7.00505,0.20054,0.00,10.4546
1460,1269.40,277.4,0.241008,1269.40,189,10.8176,7.2368,0.35746,0.00,10.4893
1461,666,174.7,1.34584,666,2,10.9767,7.37571,0.20254,0.00,10.5914
1462,399,105,0.817369,399,0.00,11.1017,7.67961,0.432903,0.00,10.6496
1463,5212.70,335.1,2.39149,5212.70,208,11.0867,7.44135,0.390409,0.00,10.6358
1464,121.6,32,0.247958,121.6,0.00,10.7273,7.05592,0.324731,0.00,10.4284
1465,85.5,22.5,0.1735,85.5,0.00,10.7949,7.03872,0.285481,0.00,10.4739
1466,1196.00,308.8,2.3673,1196.00,15,10.736,7.15612,1.01014,0.00,10.4483
1467,330.2,82.1,0.569117,330.2,17,10.8699,7.26885,0.32991,0.00,10.5262
1468,1573.80,155.5,1.23732,1573.80,71,10.7368,7.0834,0.470579,0.00,10.4272
1469,195.7,51.5,0.409063,195.7,0.00,10.9975,7.53866,0.594448,0.00,10.589
1470,397.5,100.5,0.70075,397.5,15,11.0456,7.64485,0.8649,0.00,10.6089
1471,904.2,230.9,1.69609,904.2,25,10.8779,7.22862,0.603929,0.00,10.5394
1472,126.5,33,0.255668,126.5,1,10.6069,6.81564,0.4438,0.00,10.3637
1473,1224.80,311.6,2.28832,1224.80,34,10.6514,7.07319,1.0838,0.00,10.3866
1474,366.7,96.5,0.769044,366.7,0.00,10.7302,6.94741,0.206862,0.00,10.443
1475,148.2,39,0.303663,148.2,0.00,10.6923,6.82766,0.00,0.00,10.4261
1476,521.5,135.5,1.04223,521.5,6,10.7013,7.04077,0.856407,0.00,10.4277
1477,284,73.9,0.556467,284,3,10.9024,7.20043,0.187169,0.00,10.5462
1478,475,125,0.988366,475,0.00,10.6426,7.03288,0.948177,0.00,10.3755
1479,292.2,74,0.552142,292.2,10,10.68,6.81167,0.00,0.00,10.4184
1480,197.6,52,0.40121,197.6,0.00,10.5079,6.52265,0.00,0.00,10.3301
1481,843.3,205.5,1.42545,843.3,57,10.5501,6.7181,0.00,0.00,10.336
1482,1.9,0.5,0.0038446,1.9,0.00,10.1186,5.85807,0.00,0.00,10.1108
1501,58.1,15,0.113929,58.1,1,11.6751,7.89064,0.00,0.00,11.0997
1502,95.8,20.9,0.11091,95.8,15,11.8343,8.16122,0.00,0.00,11.1783
1503,3607.10,779.6,0.146537,3607.10,349,12.5706,9.88536,0.675305,3.64473,11.496
1504,533.8,133.6,0.866787,533.8,25,11.8234,8.1944,0.00,0.00,11.1637
1505,518.3,119.8,0.508919,518.3,56,12.3463,9.23346,0.00,2.63611,11.4127
1506,1829.90,399,0.442569,1829.90,301,12.1782,8.9098,0.00,1.97508,11.3258
1507,1130.40,259.1,1.00062,1130.40,129,12.3576,9.42417,0.424266,3.09025,11.3827
1508,7297.70,1616.80,1.76214,7297.70,495,12.4499,9.80522,0.706495,3.69809,11.4044
1509,26.6,7,0.0538992,26.6,0.00,11.8626,8.27737,0.00,0.4302,11.1781
1510,1275.20,119.8,0.84803,1275.20,54,12.133,8.81039,0.00,1.73722,11.3054
1511,823.9,200,1.24055,823.9,58,11.3676,7.59977,0.00,0.00,10.8806
1512,6734.70,1458.60,0.176298,6734.70,643,12.4509,9.8778,0.932281,3.94821,11.398
1513,790.7,194.9,1.27354,790.7,47,11.2678,7.54467,0.00,0.00,10.8065
1514,249.2,61.7,0.392088,249.2,14,11.5876,8.03169,0.00,0.00,10.9891
1515,414.7,101.2,0.665812,414.7,28,11.78,8.3529,0.172875,0.971138,11.0859
1516,2933.00,381,2.27577,2933.00,201,11.8742,8.49912,0.0508558,1.48475,11.1324
1517,22221.20,4867.20,1.74138,22221.20,1457.00,12.4037,9.87861,0.872978,4.01462,11.3454
1518,3838.90,804.6,0.660902,3838.90,572,11.5543,7.97719,0.00,0.00,10.9699
1519,1921.60,468.2,2.78434,1921.60,115,11.3119,7.60689,0.00,0.00,10.8287
1520,1802.60,422.6,1.92798,1802.60,174,11.7067,8.21883,0.123781,0.517656,11.046
1521,677.8,166.8,1.09826,677.8,35,12.1183,9.06212,0.832431,2.57169,11.2359
1522,2876.60,109.2,0.736775,2876.60,91,11.4517,7.85155,0.00,0.00,10.8998
1523,18770.10,4089.10,0.61024,18770.10,1329.00,12.3456,9.68568,0.438942,2.87418,11.332
1524,1463.90,382.5,3.04895,1463.90,10,12.1187,9.07143,0.922073,2.5688,11.2344
1525,4519.90,987.6,0.723751,4519.90,575,12.236,9.39487,0.0539114,2.76456,11.2764
1526,488.4,120,0.831384,488.4,30,11.898,8.56828,0.421039,1.54419,11.1397
1527,272.9,67.6,0.450595,272.9,15,11.3952,7.75921,0.00,0.00,10.8594
1528,1203.10,286.7,1.45149,1203.10,66,11.3197,7.60309,0.00,0.00,10.8234
1529,182.2,42.3,0.226553,182.2,16,11.6857,8.11357,0.00,0.183316,11.0404
1530,924.3,230.4,1.64537,924.3,45,11.8539,9.15145,0.973479,0.690638,11.0645
1531,8668.30,1900.10,1.55427,8668.30,712,11.7927,8.78379,0.944949,0.634977,11.0446
1532,1292.60,306.5,1.45776,1292.60,62,11.6909,8.27714,0.36315,0.281169,11.0111
1533,824.8,190.2,1.00159,824.8,77,11.2707,7.50735,0.00,0.00,10.8062
1534,70.3,18.5,0.142718,70.3,0.00,11.2621,7.48157,0.00,0.00,10.8027
1535,5493.10,544.6,3.91617,5493.10,258,11.492,7.86742,0.138304,0.00,10.9171
1536,0.00,0.00,0.00,0.00,0.00,11.6682,8.20727,0.00,0.431794,11.0079
1537,4273.40,974.5,4.0139,4273.40,526,11.043,7.1617,0.00,0.00,10.6846
1538,0.00,0.00,0.00,0.00,0.00,11.2132,7.32728,0.00,0.00,10.7887
1539,893.7,223.1,1.51353,893.7,37,10.4168,6.24112,0.00,0.00,10.3299
1540,659.2,161,0.964554,659.2,41,10.6441,6.55411,0.00,0.00,10.4622
1541,3276.60,269.1,1.07728,3276.60,170,11.8739,8.7322,0.577937,1.40525,11.094
1542,943.5,203.6,0.0179524,943.5,117,11.8124,8.59127,0.600712,1.09785,11.0649
1543,35222.70,7758.40,3.61678,35222.70,1983.00,12.0013,9.03868,0.00,2.92572,11.1525
1544,633.3,141.6,0.508161,633.3,90,10.625,6.50964,0.00,0.00,10.4553
1545,92.8,23.6,0.160799,92.8,3,10.5274,6.3816,0.00,0.00,10.3944
1602,419.2,105.1,0.681923,419.2,19,11.9378,8.29819,0.472481,1.90028,11.2301
1603,269.1,59.1,0.145777,269.1,26,11.7982,8.13474,0.00,1.74596,11.1441
1604,214,37,0.00,214,67,11.9336,8.45901,0.00,2.32178,11.2065
1605,496.4,120.2,0.659666,496.4,38,11.6775,7.9767,0.00,0.691043,11.078
1606,3626.10,791.3,0.10994,3626.10,269,11.9936,8.90278,0.485492,2.60665,11.2093
1607,1500.80,314.2,0.816541,1500.80,225,11.7345,8.08779,0.00,1.00382,11.1062
1608,60.3,14.5,0.0747794,60.3,5,11.6602,7.98617,0.00,0.28573,11.0594
1609,8469.70,1855.00,0.279815,8469.70,500,11.7635,8.40063,0.00,2.06759,11.0982
1610,1375.40,361.4,2.84023,1375.40,2,11.6596,8.2298,1.13989,2.17554,11.0405
1611,47,11,0.0462353,47,5,11.7625,8.33412,0.174171,1.03927,11.1019
1612,125.4,33,0.254223,125.4,0.00,11.6892,8.36106,1.36853,2.32203,11.0525
1613,629.7,164.6,1.28713,629.7,2,11.7494,8.32461,0.208895,0.834189,11.0939
1614,1134.60,291.9,2.14866,1134.60,24,11.6211,8.32426,1.63448,2.19987,11.0019
1615,3180.80,157,2.35087,3180.80,30,11.7696,9.33925,1.46949,1.91812,11.0609
1616,1244.50,297.8,1.51976,1244.50,94,11.4977,7.77294,0.00,0.00,10.9708
1617,312.2,68.2,0.00891348,312.2,23,11.6273,8.18885,0.646733,0.00,11.0252
1618,3204.40,694.9,0.0840192,3204.40,305,11.8091,8.96403,1.74402,2.09569,11.0769
1619,1513.70,311.6,0.842098,1513.70,275,11.5748,8.03407,0.0497398,0.00,11.0047
1620,309.7,66,0.0191165,309.7,36,11.4579,7.6104,0.00,0.00,10.9556
1621,1135.70,283.8,1.82792,1135.70,37,11.5795,8.22226,1.47539,2.1951,10.9815
1622,1335.40,349.2,2.70653,1335.40,6,11.5726,8.1733,1.22986,1.62793,10.9844
1623,358,92.2,0.707141,358,7,11.4635,7.92707,1.3351,1.66631,10.9258
1624,630.1,162.1,1.23823,630.1,13,11.6614,8.47776,1.38996,2.0578,11.0187
1625,966.8,249,1.89605,966.8,19,11.3111,7.63568,0.967906,0.90593,10.8477
1626,369.9,93,0.693024,369.9,15,11.2368,7.31634,0.00,0.00,10.8274
1627,161.5,42.5,0.343588,161.5,0.00,11.2781,7.71677,0.51345,0.284132,10.8223
1628,370.3,96.9,0.740035,370.3,2,11.5072,8.26086,1.32444,0.00,10.9488
1629,685.1,178.1,1.36181,685.1,6,11.4062,7.77879,0.719506,0.590332,10.902
1630,252.2,65,0.47057,252.2,5,11.2932,7.72486,0.597103,0.370708,10.8299
1631,2976.40,726,4.44008,2976.40,188,11.4839,8.10224,1.01574,0.00,10.9406
1632,2879.20,449.2,2.91899,2879.20,106,11.4702,7.76513,0.00,0.00,10.9496
1633,1379.20,351.1,2.46143,1379.20,43,11.3202,7.80879,0.442886,0.488553,10.8397
1634,943.5,248,1.96274,943.5,1,11.3603,8.02166,1.36578,1.18276,10.8476
1635,4565.70,803.9,2.72825,4565.70,850,11.5292,8.41621,0.973816,1.52806,10.938
1636,3946.60,829.2,0.118454,3946.60,412,11.5161,8.42957,1.05948,1.36097,10.9266
1637,290.5,75.9,0.589337,290.5,2,11.2944,7.7098,0.958895,0.00,10.8349
1638,255.7,67,0.532944,255.7,1,11.4047,7.96577,0.951677,0.773749,10.8805
1639,2044.20,326,2.54374,2044.20,82,11.2136,7.55901,0.569659,0.00,10.7889
1640,568.4,111.8,0.00,568.4,134,11.4159,7.92415,0.410514,0.00,10.8968
1641,0.00,0.00,0.00,0.00,0.00,11.0904,7.07097,0.00,0.00,10.7508
1642,450.6,118,1.01357,450.6,2,11.4511,8.27367,1.32774,1.66593,10.8904
1643,1710.00,423.3,2.81803,1710.00,56,11.3698,8.15032,0.914548,0.00,10.8719
1644,679.4,137.5,0.0121265,679.4,115,11.3527,8.15932,0.0442054,1.5257,10.8319
1645,264.7,60.9,0.207074,264.7,28,11.2627,7.33417,0.00,0.00,10.8463
1646,513,135,1.07101,513,0.00,11.355,8.08416,1.16239,0.936375,10.8462
1647,1253.30,220.8,0.000865902,1253.30,377,11.3627,8.28817,1.11602,0.00,10.8667
1648,56,12,0.00,56,10,11.3508,7.88788,0.622364,0.0299623,10.861
1650,1002.90,261.7,2.23488,1002.90,6,11.2703,7.89088,0.938164,1.03127,10.8019
1651,72.2,19,0.14632,72.2,0.00,10.8233,6.72514,0.00,0.00,10.5919
1652,366.5,80.3,0.0116109,366.5,21,11.2516,7.36373,0.00,0.00,10.8367
1653,28,6,0.00,28,5,11.0531,7.20194,0.00,0.00,10.705
1654,2229.30,344,0.810207,2229.30,277,11.2283,7.73448,0.431554,0.436228,10.7825
1655,5399.20,838.7,0.318681,5399.20,1344.00,11.3243,8.18763,0.00,1.35608,10.8155
1656,423.7,107.3,0.750024,423.7,13,10.9222,6.84812,0.00,0.00,10.654
1657,60.8,10.5,0.0101367,60.8,19,11.2042,7.36608,0.00,0.00,10.805
1658,327.9,58.4,0.00279831,327.9,91,11.0738,7.39081,0.00,0.575958,10.7018
1659,0.00,0.00,0.00,0.00,0.00,10.6398,6.39741,0.00,0.00,10.4938
1660,2285.60,397.2,0.00,2285.60,709,11.2056,7.95461,0.00,0.807446,10.7553
1661,259.8,66.1,0.483056,259.8,6,10.67,6.57636,0.00,0.00,10.5001
1662,13.3,3.5,0.0269136,13.3,0.00,11.0669,7.08231,0.00,0.00,10.7329
1663,0.00,0.00,0.00,0.00,0.00,10.6543,6.44946,0.00,0.00,10.4998
1664,933.3,225.8,1.42044,933.3,54,10.6995,6.57512,0.00,0.00,10.5226
1665,984.6,243.1,1.68618,984.6,50,10.5149,6.42259,0.00,0.00,10.4099
1666,248.6,45.7,0.00,248.6,69,10.6656,6.56788,0.00,0.00,10.4879
1667,685.8,170,1.15581,685.8,35,10.6063,6.46547,0.00,0.00,10.466
1668,1.9,0.5,0.0038477,1.9,0.00,10.7336,6.53761,0.00,0.00,10.545
1669,288.4,73,0.544496,288.4,10,10.607,6.63023,0.00,0.00,10.462
1670,15.2,4,0.0307572,15.2,0.00,10.702,6.67738,0.00,0.00,10.5025
1671,17.4,4,0.0262135,17.4,2,10.3185,6.0921,0.00,0.00,10.2944
1672,0.00,0.00,0.00,0.00,0.00,10.9402,6.85227,0.00,0.00,10.6602
1673,5.7,1.5,0.0115338,5.7,0.00,10.2135,5.87158,0.00,0.00,10.2356
1674,51.7,11,0.0596437,51.7,9,10.2028,5.91099,0.00,0.00,10.2251
1675,0.00,0.00,0.00,0.00,0.00,9.68199,5.24256,0.00,0.00,9.89871
1676,66.2,16.6,0.106681,66.2,3,10.2843,6.02884,0.00,0.00,10.2743
1677,1.9,0.5,0.00384459,1.9,0.00,10.7961,8.44003,0.644045,0.00,10.5103
1678,2374.80,530.2,0.940561,2374.80,142,10.6718,6.55651,0.00,0.00,10.4947
1679,82.1,19.9,0.129604,82.1,6,10.2598,5.9434,0.00,0.00,10.2616
1680,1028.70,248.9,1.39387,1028.70,41,10.7359,7.0853,0.00,0.00,10.5044
1681,582.5,153,1.18616,582.5,1,10.487,6.41529,0.00,0.00,10.3768
1682,388.4,94,0.472647,388.4,12,10.3017,6.23074,0.00,0.00,10.263
1683,0.00,0.00,0.00,0.00,0.00,10.0704,5.72438,0.00,0.00,10.1444
1684,1043.30,273.7,2.15136,1043.30,3,10.383,6.68713,0.586026,0.00,10.2619
1685,1650.70,303,2.23686,1650.70,77,10.5913,6.90597,0.317462,0.00,10.407
1686,147.8,30.8,0.00739755,147.8,19,9.93244,6.00863,0.00,0.00,9.97966
1687,389.2,98.4,0.717449,389.2,14,10.4697,6.78507,0.0606851,0.00,10.3396
1688,570.4,148.4,1.12862,570.4,6,10.4874,6.80037,0.0789563,0.00,10.347
1689,345.4,88.4,0.640217,345.4,5,10.6188,6.64508,0.00,0.00,10.449
1690,1413.20,334.5,2.2329,1413.20,120,10.3933,6.64517,0.304031,0.00,10.2783
1691,4258.70,633.4,5.1661,4258.70,135,10.2403,6.53024,0.402824,0.00,10.1647
1692,0.00,0.00,0.00,0.00,0.00,10.3343,6.49156,0.00,0.00,10.2382
1701,9380.20,2021.50,0.1018,9380.20,1377.00,12.6017,10.1603,1.32013,3.27502,11.4926
1702,1030.70,262,1.93642,1030.70,29,11.9009,8.91885,1.49288,0.446604,11.1695
1703,823.5,212.3,1.57056,823.5,16,11.9396,8.53252,1.22627,0.755584,11.214
1704,837.8,216.9,1.61173,837.8,9,12.1909,9.06424,1.29347,2.68358,11.3198
1705,9990.40,2045.00,3.58272,9990.40,737,12.3335,9.51798,1.67488,3.10017,11.3817
1706,2767.60,347.7,2.79299,2767.60,125,11.8916,8.83368,1.39265,0.499543,11.175
1707,1854.60,142,1.55563,1854.60,47,11.9141,8.46717,1.16637,0.176623,11.2074
1708,798.1,208,1.63289,798.1,7,11.8596,8.44694,1.20197,0.00,11.1681
1709,1715.20,420.5,2.66477,1715.20,73,12.1392,9.12172,1.59541,1.93576,11.2743
1710,19777.40,4193.60,0.0462827,19777.40,3566.00,12.3017,9.45987,0.530138,2.60031,11.3381
1711,471.7,120.3,0.852395,471.7,14,11.9241,8.5914,1.2768,0.743007,11.1816
1712,576.7,151.2,1.1631,576.7,2,11.8463,8.41693,1.09365,0.00,11.162
1713,841.2,216.7,1.62167,841.2,13,12.1129,9.11769,1.56727,1.80768,11.262
1714,396.9,103,0.825405,396.9,5,11.9051,8.52034,0.934706,0.220003,11.1727
1715,498.6,123.6,0.846297,498.6,27,11.977,8.73397,1.31909,1.16071,11.2063
1716,622.9,151.4,0.925127,622.9,43,12.2611,9.32418,1.14984,2.44606,11.3242
1717,801.4,202.4,1.467,801.4,30,12.0079,8.76251,1.192,1.26317,11.2217
1718,577.8,151.2,1.17734,577.8,3,12.0163,8.76554,1.29704,0.659566,11.221
1719,1133.60,295,2.22877,1133.60,12,11.8571,8.52709,1.21293,0.00,11.1352
1720,209,55,0.425333,209,0.00,11.8291,8.41866,0.890588,0.00,11.1266
1721,8117.10,1789.30,1.52164,8117.10,623,12.3195,9.47399,0.790418,2.19955,11.3453
1722,0.00,0.00,0.00,0.00,0.00,12.304,9.37246,0.429964,2.53607,11.3438
1723,1490.70,326.3,0.048876,1490.70,87,12.2153,9.3106,1.44297,1.39485,11.2971
1724,1417.40,362.7,2.80312,1417.40,37,12.0749,9.0979,1.73451,0.686509,11.2335
1725,954.3,244.1,1.7909,954.3,25,11.575,7.95256,0.00,0.00,10.9976
1726,630.8,166,1.33672,630.8,0.00,11.9193,8.68107,1.49184,0.00,11.1624
1727,158.4,40.3,0.3006,158.4,5,11.7969,8.41395,0.882723,0.00,11.1006
1728,754.2,198.2,1.67149,754.2,1,12.0951,9.20069,1.82081,0.74508,11.2407
1729,0.00,0.00,0.00,0.00,0.00,11.8719,8.48148,0.373766,0.00,11.1369
1730,268.2,70,0.535869,268.2,2,12.0764,8.94494,1.08804,0.584582,11.2292
1731,7603.40,1689.30,1.59719,7603.40,426,11.6123,8.29389,0.64406,0.00,10.987
1732,1436.10,309.4,0.0900787,1436.10,110,12.2692,9.45216,0.257119,2.38905,11.2873
1733,902.3,231.7,1.67282,902.3,21,11.7211,8.56392,1.3061,0.00,11.0412
1734,2084.90,505.9,3.46045,2084.90,138,11.9797,8.84047,1.4938,0.458512,11.1754
1735,4357.10,331.1,2.57252,4357.10,173,11.6142,8.22034,0.736188,0.00,10.9898
1736,821.7,199.3,1.40253,821.7,59,11.717,8.57193,1.31258,0.00,11.0391
1738,2112.50,506.5,2.90337,2112.50,115,11.9136,8.72753,1.25684,0.988681,11.1347
1739,343.2,88,0.675038,343.2,8,11.9807,8.93859,1.64862,0.992559,11.1654
1740,706,185.5,1.43847,706,1,11.6062,8.14813,0.466094,0.00,10.9801
1741,0.00,0.00,0.00,0.00,0.00,12.0548,9.15551,0.376652,3.18954,11.175
1742,541.2,137.4,0.976838,541.2,14,11.8435,8.53256,0.956375,1.04783,11.1039
1743,1163.50,288.8,1.87748,1163.50,39,11.8602,8.57518,1.1313,1.15257,11.1096
1745,530.1,139.5,1.08354,530.1,0.00,11.5737,8.10634,0.394792,0.00,10.9632
1746,59.3,13,0.0757757,59.3,9,11.6296,8.23835,0.629983,0.00,10.9968
1747,625,164.2,1.26886,625,1,11.9445,8.67605,0.00,1.55272,11.1522
1748,3739.20,635.1,3.45187,3739.20,289,11.7219,8.31429,0.747979,0.24622,11.0405
1749,18.7,4.1,0.00485378,18.7,3,11.8573,8.49044,0.00,0.829429,11.1161
1750,1691.80,413.4,2.61923,1691.80,81,11.7652,8.40497,0.669898,0.347092,11.0676
1751,17.1,4.5,0.0346017,17.1,0.00,10.7923,6.69281,0.00,0.00,10.5619
1752,1398.40,339.7,2.17973,1398.40,80,11.6658,8.21459,0.594366,0.00,11.018
1753,271.7,60.2,0.14395,271.7,41,11.7341,8.2458,0.00,0.0344797,11.0594
1754,360.8,85.6,0.499779,360.8,24,11.1847,7.33198,0.00,0.00,10.7773
1755,9.5,2.5,0.0192237,9.5,0.00,11.204,7.31229,0.00,0.00,10.7892
1756,1230.10,285.5,1.16863,1230.10,78,11.2731,7.42957,0.00,0.00,10.8271
1757,218.8,53.3,0.357214,218.8,13,11.0823,7.29157,0.00,0.00,10.7159
1758,1055.00,128.3,0.699719,1055.00,69,11.0647,7.20725,0.00,0.00,10.7101
1759,17.1,4.5,0.0346032,17.1,0.00,10.339,6.11923,0.00,0.00,10.2923
1760,9.8,2,0.00973679,9.8,2,10.8305,6.74462,0.00,0.00,10.5851
1762,1355.00,343.4,2.40834,1355.00,39,10.0185,5.71159,0.00,0.00,10.0973
1763,0.00,0.00,0.00,0.00,0.00,10.5789,6.34878,0.00,0.00,10.4852
1801,19,5,0.0384458,19,0.00,10.5004,6.31754,0.00,0.00,10.3829
1802,99.1,21.7,0.0241769,99.1,16,10.2364,6.05534,0.00,0.00,10.2173
1805,238.2,51,0.0508205,238.2,26,10.5613,6.51484,0.00,0.00,10.4205
1806,61.1,15.5,0.115324,61.1,2,10.0553,5.92524,0.00,0.00,10.0994
1807,4027.60,865,0.0720682,4027.60,696,9.8324,5.66986,0.00,0.00,9.95897
1808,334.4,75.3,0.229758,334.4,40,10.8228,6.74838,0.00,0.00,10.583
1809,1432.20,342,2.12859,1432.20,107,10.1228,6.12828,0.00,0.00,10.1359
1810,934.5,208.3,0.785161,934.5,100,10.5592,6.4614,0.00,0.00,10.4212
1811,1521.20,355.1,1.45436,1521.20,92,10.1282,6.12963,0.00,0.00,10.1398
1812,142,30,0.0993644,142,26,10.389,6.18016,0.00,0.00,10.3267
1813,0.00,0.00,0.00,0.00,0.00,9.60365,5.36021,0.00,0.00,9.81661
1814,295.5,71.7,0.506653,295.5,21,10.0456,5.74449,0.00,0.00,10.1179
1815,1.9,0.5,0.00384458,1.9,0.00,9.94541,5.65461,0.00,0.00,10.0532
1816,1445.70,353.9,2.30482,1445.70,82,9.7392,5.52962,0.00,0.00,9.9015
1817,957.1,225.6,1.06581,957.1,71,10.0122,5.73262,0.00,0.00,10.0949
1818,15.2,4,0.0307568,15.2,0.00,10.6722,6.55385,0.00,0.00,10.4885
1901,6242.80,1375.60,1.15451,6242.80,411,11.2418,7.89624,0.224903,0.00,10.7234
1902,3728.00,646.8,4.48612,3728.00,192,10.9869,7.32215,0.215809,0.00,10.5717
1903,7468.90,1523.20,3.6084,7468.90,458,11.1861,7.67163,0.115901,0.00,10.6926
1904,664.7,169,1.23375,664.7,19,10.7532,6.8511,0.00,0.00,10.4604
1905,17.1,4.5,0.0346021,17.1,0.00,10.734,6.78634,0.00,0.00,10.4545
1906,1601.20,210.7,1.48633,1601.20,89,11.0098,7.30369,0.0228137,0.00,10.6076
1907,457.7,110.5,0.585407,457.7,16,10.8639,7.07039,0.00,0.00,10.5279
1908,362.1,88.1,0.612554,362.1,25,10.9246,7.11841,0.00,0.00,10.5629
1909,2454.60,279.2,2.76582,2454.60,83,11.017,7.68726,0.897898,0.00,10.5799
1910,1233.70,312.8,2.28088,1233.70,42,10.7049,7.25457,0.841585,0.00,10.3896
1911,1102.10,271.3,1.8303,1102.10,62,10.9056,7.10419,0.00,0.00,10.5529
1912,49.4,13,0.0999829,49.4,0.00,10.5061,6.5223,0.00,0.00,10.329
1913,5646.10,1156.30,1.20749,5646.10,852,10.8889,7.29863,0.00,0.00,10.5176
1914,190,50,0.384921,190,0.00,10.8627,7.05098,0.00,0.00,10.5257
1915,159.3,37,0.24285,159.3,17,10.6083,6.56396,0.00,0.00,10.3956
1916,935.7,196.1,0.0221633,935.7,167,10.7812,6.93742,0.00,0.00,10.4814
1917,885.1,230.7,1.73683,885.1,8,10.8045,6.98564,0.00,0.00,10.493
1918,26.6,7,0.0538287,26.6,0.00,10.5728,6.58956,0.00,0.00,10.3696
1919,1006.40,250.1,1.59337,1006.40,29,10.6518,6.72643,0.00,0.00,10.4119
1920,0.00,0.00,0.00,0.00,0.00,10.0728,5.80512,0.00,0.00,10.077
1921,93.1,24.5,0.188407,93.1,0.00,10.4377,6.34513,0.00,0.00,10.2957
1922,385.3,93.4,0.627929,385.3,28,9.85328,5.49472,0.00,0.00,9.9576
1923,22.8,6,0.046141,22.8,0.00,10.4694,6.40924,0.00,0.00,10.3119
1924,227.6,44.9,0.0268338,227.6,53,9.98417,5.64062,0.00,0.00,10.037
1925,0.00,0.00,0.00,0.00,0.00,9.33255,4.87717,0.00,0.00,9.63231
1926,2272.40,498.2,1.62004,2272.40,310,9.99694,5.74392,0.00,0.00,10.0359
1927,225.5,53.1,0.318253,225.5,22,9.98874,5.70101,0.00,0.00,10.0338
1928,66.5,17.5,0.134568,66.5,0.00,9.56501,5.17642,0.00,0.00,9.77331
1929,311.8,75.1,0.411592,311.8,13,9.2742,4.84036,0.00,0.00,9.58929
1930,0.00,0.00,0.00,0.00,0.00,11.3465,7.36794,0.00,0.00,10.8828
1931,1.9,0.5,0.00384459,1.9,0.00,11.1366,7.04809,0.00,0.00,10.7677
1932,7.6,2,0.0153784,7.6,0.00,10.7708,6.52218,0.00,0.00,10.5777
2001,39.9,10.5,0.0807403,39.9,0.00,9.61397,5.16902,0.00,0.00,9.85811
2002,0.00,0.00,0.00,0.00,0.00,9.39849,5.03984,0.00,0.00,9.6948
2003,11.4,3,0.0230678,11.4,0.00,10.2326,6.12229,0.00,0.00,10.2034
2004,529.4,116.8,0.693754,529.4,78,9.16298,4.67101,0.00,0.00,9.56595
2005,429,106.3,0.755723,429,23,8.90718,4.39233,0.00,0.00,9.39853
2006,0.00,0.00,0.00,0.00,0.00,9.1608,4.67724,0.00,0.00,9.54615
2007,1.9,0.5,0.00384458,1.9,0.00,8.46784,3.94034,0.00,0.00,9.06756
2009,836.8,212.6,1.51415,836.8,25,7.59424,3.06815,0.00,0.00,8.50111
2010,20.1,5,0.0360121,20.1,1,7.61583,3.08184,0.00,0.00,8.48429
2101,131.9,23.5,0.00463813,131.9,39,11.6854,7.8682,0.00,0.00,11.1506
2102,2536.60,553.5,2.45652,2536.60,261,11.7358,7.94675,0.00,0.00,11.1772
2103,0.00,0.00,0.00,0.00,0.00,11.5717,7.6782,0.00,0.00,11.0977
2104,629.1,111.8,0.00243633,629.1,181,11.3619,7.36041,0.00,0.00,10.9814
2105,9.4,2.2,0.00924376,9.4,1,10.5096,6.3977,0.00,0.00,10.3574
2107,5.7,1.5,0.0115338,5.7,0.00,11.1438,7.04339,0.00,0.00,10.8582
2108,0.00,0.00,0.00,0.00,0.00,9.1859,4.7153,0.00,0.00,9.6901
2109,2113.10,463.3,0.0684088,2113.10,113,10.8843,6.73932,0.00,0.00,10.7327
2110,4814.40,992,0.137588,4814.40,638,10.8557,7.97057,0.00,0.00,10.5735
2111,1.9,0.5,0.00384462,1.9,0.00,10.3657,6.34671,0.00,0.00,10.4101
2112,0.00,0.00,0.00,0.00,0.00,10.2811,6.19513,0.00,0.00,10.363
2113,0.00,0.00,0.00,0.00,0.00,9.51761,5.08299,0.00,0.00,9.89128
2114,47213.20,7937.20,0.0416688,47213.20,15428.00,10.5974,7.19811,0.00,0.00,10.4868
2115,198.2,50.5,0.351946,198.2,6,7.99101,3.46539,0.00,0.00,8.78297
2116,151,38,0.282935,151,6,9.15215,4.77762,0.00,0.00,9.58
2117,54.9,13.9,0.0930249,54.9,2,9.80797,5.47293,0.00,0.00,10.0491
2118,634.4,158,1.04138,634.4,26,9.03314,5.24079,0.00,0.00,9.20184
2119,420.9,104.2,0.725729,420.9,23,8.47516,4.29578,0.00,0.00,8.926
2120,1482.00,296.8,0.997393,1482.00,144,9.07052,4.73729,0.00,0.00,9.50202
2121,2875.90,655.9,2.38189,2875.90,244,9.71527,6.52748,0.00,0.00,9.63997
2122,4172.00,958.8,3.47827,4172.00,369,9.56743,6.23002,0.00,0.00,9.54905
2123,6262.00,1134.80,8.57103,6262.00,258,9.80405,6.99222,0.94844,0.00,9.52628
2124,3980.90,805.2,6.82363,3980.90,35,9.73294,6.93682,0.871276,0.00,9.40823
2125,372.7,80,0.0055822,372.7,62,9.52532,5.84324,0.00,0.00,9.58325
2126,11080.80,2285.40,10.3928,11080.80,754,9.38543,6.06679,0.00,0.00,9.27951
2127,0.00,0.00,0.00,0.00,0.00,8.61345,4.22547,0.00,0.00,9.18007
2128,1399.90,360.3,2.64035,1399.90,17,9.15112,5.63626,0.00,0.00,9.1487
2129,2498.00,164.2,2.26912,2498.00,25,8.65188,4.70315,0.00,0.00,8.8837
2130,0.00,0.00,0.00,0.00,0.00,8.29267,3.94883,0.00,0.00,8.89961
2131,2777.50,520.7,4.47408,2777.50,29,8.87856,5.0981,0.00,0.00,9.04653
2132,8838.90,1928.70,0.289361,8838.90,563,9.1618,5.35165,0.00,0.00,9.34022
2133,0.00,0.00,0.00,0.00,0.00,11.7055,7.89178,0.00,0.00,11.149
2134,0.00,0.00,0.00,0.00,0.00,11.5077,7.64709,0.00,0.00,11.0189
2135,0.00,0.00,0.00,0.00,0.00,11.2023,7.27775,0.00,0.00,10.807
3001,0.00,0.00,0.00,0.00,0.00,10.8526,6.69294,0.00,0.00,10.6227
3002,0.00,0.00,0.00,0.00,0.00,9.63103,5.18034,0.00,0.00,9.86409
3003,0.00,0.00,0.00,0.00,0.00,8.24503,3.69468,0.00,0.00,8.9533
3004,0.00,0.00,0.00,0.00,0.00,9.03895,4.56638,0.00,0.00,9.43905
3005,0.00,0.00,0.00,0.00,0.00,6.00289,1.56118,0.00,0.00,7.4476
3006,0.00,0.00,0.00,0.00,0.00,7.69063,3.23346,0.00,0.00,8.52994
3007,0.00,0.00,0.00,0.00,0.00,8.3528,4.26949,0.00,0.00,8.76794
3008,0.00,0.00,0.00,0.00,0.00,7.79506,3.40026,0.00,0.00,8.52341
3009,0.00,0.00,0.00,0.00,0.00,8.97805,4.51724,0.00,0.00,9.5572
3010,0.00,0.00,0.00,0.00,0.00,9.07811,4.61543,0.00,0.00,9.50074
3011,0.00,0.00,0.00,0.00,0.00,9.73119,5.3502,0.00,0.00,9.92347
3012,0.00,0.00,0.00,0.00,0.00,9.14566,4.7773,0.00,0.00,9.52729
