inc_ratio,incL,incML,incMH,incH
0.5,0.2793,0.4878,0.2012,0.0317
0.51,0.2724,0.4883,0.2073,0.032
0.52,0.2657,0.4884,0.2134,0.0325
0.53,0.2592,0.4883,0.2194,0.0331
0.54,0.2528,0.4882,0.2253,0.0337
0.55,0.2465,0.4879,0.2311,0.0345
0.56,0.2404,0.4875,0.2367,0.0354
0.57,0.2345,0.4867,0.2424,0.0364
0.58,0.2287,0.486,0.2479,0.0374
0.59,0.223,0.4851,0.2533,0.0386
0.6,0.2175,0.4841,0.2586,0.0398
0.61,0.2121,0.4829,0.2638,0.0412
0.62,0.2068,0.4816,0.269,0.0426
0.63,0.2017,0.4801,0.274,0.0442
0.64,0.1967,0.4785,0.279,0.0458
0.65,0.1918,0.4768,0.2839,0.0475
0.66,0.1871,0.475,0.2886,0.0493
0.67,0.1824,0.4732,0.2933,0.0511
0.68,0.1779,0.4711,0.2979,0.0531
0.69,0.1735,0.469,0.3024,0.0551
0.7,0.1692,0.4667,0.3069,0.0572
0.71,0.1651,0.4643,0.3112,0.0594
0.72,0.161,0.462,0.3154,0.0616
0.73,0.1571,0.4593,0.3196,0.064
0.74,0.1533,0.4566,0.3237,0.0664
0.75,0.1495,0.4541,0.3276,0.0688
0.76,0.1459,0.4512,0.3315,0.0714
0.77,0.1424,0.4482,0.3354,0.074
0.78,0.139,0.4452,0.3391,0.0767
0.79,0.1357,0.4422,0.3427,0.0794
0.8,0.1324,0.4391,0.3463,0.0822
0.81,0.1293,0.4359,0.3497,0.0851
0.82,0.1263,0.4326,0.3531,0.088
0.83,0.1233,0.4293,0.3564,0.091
0.84,0.1205,0.4259,0.3596,0.094
0.85,0.1177,0.4225,0.3627,0.0971
0.86,0.115,0.4189,0.3658,0.1003
0.87,0.1124,0.4153,0.3688,0.1035
0.88,0.1099,0.4117,0.3716,0.1068
0.89,0.1075,0.408,0.3744,0.1101
0.9,0.1051,0.4044,0.3771,0.1134
0.91,0.1028,0.4005,0.3798,0.1169
0.92,0.1006,0.3968,0.3823,0.1203
0.93,0.0985,0.3929,0.3848,0.1238
0.94,0.0964,0.389,0.3872,0.1274
0.95,0.0944,0.3851,0.3895,0.131
0.96,0.0925,0.3811,0.3918,0.1346
0.97,0.0906,0.3771,0.394,0.1383
0.98,0.0889,0.3731,0.396,0.142
0.99,0.0871,0.3691,0.398,0.1458
1,0.0855,0.365,0.3999,0.1496
1.01,0.0839,0.3609,0.4018,0.1534
1.02,0.0823,0.3568,0.4036,0.1573
1.03,0.0808,0.3527,0.4053,0.1612
1.04,0.0794,0.3486,0.4069,0.1651
1.05,0.078,0.3445,0.4084,0.1691
1.06,0.0767,0.3403,0.4099,0.1731
1.07,0.0754,0.3362,0.4113,0.1771
1.08,0.0742,0.332,0.4126,0.1812
1.09,0.073,0.3278,0.4139,0.1853
1.1,0.0719,0.3237,0.415,0.1894
1.11,0.0708,0.3195,0.4161,0.1936
1.12,0.0698,0.3153,0.4172,0.1977
1.13,0.0688,0.3112,0.4181,0.2019
1.14,0.0678,0.307,0.4191,0.2061
1.15,0.0669,0.3029,0.4198,0.2104
1.16,0.0661,0.2987,0.4206,0.2146
1.17,0.0652,0.2946,0.4213,0.2189
1.18,0.0644,0.2905,0.4219,0.2232
1.19,0.0637,0.2864,0.4224,0.2275
1.2,0.0629,0.2823,0.423,0.2318
1.21,0.0623,0.2782,0.4234,0.2361
1.22,0.0616,0.2742,0.4237,0.2405
1.23,0.061,0.2702,0.4239,0.2449
1.24,0.0604,0.2662,0.4242,0.2492
1.25,0.0598,0.2622,0.4244,0.2536
1.26,0.0593,0.2582,0.4245,0.258
1.27,0.0587,0.2543,0.4245,0.2625
1.28,0.0582,0.2504,0.4245,0.2669
1.29,0.0578,0.2466,0.4243,0.2713
1.3,0.0573,0.2427,0.4243,0.2757
1.31,0.0569,0.2389,0.424,0.2802
1.32,0.0565,0.2351,0.4238,0.2846
1.33,0.0561,0.2314,0.4234,0.2891
1.34,0.0558,0.2277,0.4229,0.2936
1.35,0.0554,0.2241,0.4225,0.298
1.36,0.0551,0.2204,0.422,0.3025
1.37,0.0548,0.2169,0.4214,0.3069
1.38,0.0545,0.2133,0.4208,0.3114
1.39,0.0542,0.2098,0.4201,0.3159
1.4,0.054,0.2064,0.4193,0.3203
1.41,0.0537,0.203,0.4185,0.3248
1.42,0.0535,0.1996,0.4176,0.3293
1.43,0.0532,0.1963,0.4168,0.3337
1.44,0.053,0.193,0.4158,0.3382
1.45,0.0528,0.1898,0.4148,0.3426
1.46,0.0526,0.1866,0.4137,0.3471
1.47,0.0524,0.1835,0.4126,0.3515
1.48,0.0522,0.1804,0.4115,0.3559
1.49,0.052,0.1774,0.4102,0.3604
1.5,0.0518,0.1744,0.409,0.3648
1.51,0.0517,0.1715,0.4076,0.3692
1.52,0.0515,0.1686,0.4063,0.3736
1.53,0.0513,0.1658,0.4049,0.378
1.54,0.0512,0.1631,0.4034,0.3823
1.55,0.051,0.1604,0.4019,0.3867
1.56,0.0508,0.1577,0.4004,0.3911
1.57,0.0507,0.1551,0.3988,0.3954
1.58,0.0505,0.1526,0.3972,0.3997
1.59,0.0504,0.1501,0.3955,0.404
1.6,0.0502,0.1477,0.3938,0.4083
1.61,0.0501,0.1453,0.392,0.4126
1.62,0.0499,0.143,0.3902,0.4169
1.63,0.0497,0.1408,0.3883,0.4212
1.64,0.0496,0.1386,0.3865,0.4253
1.65,0.0494,0.1364,0.3845,0.4297
1.66,0.0492,0.1344,0.3826,0.4338
1.67,0.049,0.1323,0.3806,0.4381
1.68,0.0488,0.1304,0.3785,0.4423
1.69,0.0487,0.1285,0.3765,0.4463
1.7,0.0485,0.1267,0.3744,0.4504
1.71,0.0483,0.1249,0.3722,0.4546
1.72,0.0481,0.1232,0.37,0.4587
1.73,0.0478,0.1215,0.3678,0.4629
1.74,0.0476,0.1199,0.3656,0.4669
1.75,0.0474,0.1184,0.3633,0.4709
1.76,0.0472,0.1169,0.361,0.4749
1.77,0.0469,0.1155,0.3587,0.4789
1.78,0.0467,0.1141,0.3563,0.4829
1.79,0.0464,0.1128,0.354,0.4868
1.8,0.0461,0.1116,0.3515,0.4908
1.81,0.0459,0.1104,0.3491,0.4946
1.82,0.0456,0.1093,0.3466,0.4985
1.83,0.0453,0.1082,0.3441,0.5024
1.84,0.045,0.1072,0.3416,0.5062
1.85,0.0447,0.1063,0.3391,0.5099
1.86,0.0443,0.1054,0.3365,0.5138
1.87,0.044,0.1045,0.3339,0.5176
1.88,0.0437,0.1038,0.3313,0.5212
1.89,0.0433,0.103,0.3287,0.525
1.9,0.043,0.1024,0.326,0.5286
1.91,0.0426,0.1017,0.3234,0.5323
1.92,0.0422,0.1012,0.3207,0.5359
1.93,0.0418,0.1007,0.318,0.5395
1.94,0.0414,0.1002,0.3153,0.5431
1.95,0.041,0.0998,0.3126,0.5466
1.96,0.0406,0.0995,0.3098,0.5501
1.97,0.0402,0.0992,0.3071,0.5535
1.98,0.0397,0.0989,0.3043,0.5571
1.99,0.0393,0.0987,0.3015,0.5605
2,0.0388,0.0985,0.2987,0.564
2.01,0.0384,0.0984,0.2959,0.5673
2.02,0.0379,0.0984,0.2931,0.5706
2.03,0.0374,0.0983,0.2903,0.574
2.04,0.0369,0.0984,0.2874,0.5773
2.05,0.0364,0.0984,0.2846,0.5806
2.06,0.0359,0.0985,0.2818,0.5838
2.07,0.0354,0.0987,0.2789,0.587
2.08,0.0348,0.0989,0.2761,0.5902
2.09,0.0343,0.0991,0.2732,0.5934
2.1,0.0338,0.0994,0.2704,0.5964
2.11,0.0332,0.0997,0.2675,0.5996
2.12,0.0327,0.1,0.2647,0.6026
2.13,0.0321,0.1004,0.2618,0.6057
2.14,0.0315,0.1008,0.259,0.6087
2.15,0.0309,0.1012,0.2561,0.6118
2.16,0.0304,0.1017,0.2533,0.6146
2.17,0.0298,0.1022,0.2504,0.6176
2.18,0.0292,0.1027,0.2476,0.6205
2.19,0.0286,0.1033,0.2447,0.6234
2.2,0.028,0.1038,0.2419,0.6263
2.21,0.0274,0.1044,0.2391,0.6291
2.22,0.0268,0.105,0.2363,0.6319
2.23,0.0262,0.1057,0.2335,0.6346
2.24,0.0256,0.1063,0.2307,0.6374
2.25,0.025,0.107,0.228,0.64
