avg_size,siz1,siz2,siz3,siz4
1,0.9257,0,0.0194,0.0549
1.01,0.9259,0,0.0202,0.053900000000000003
1.02,0.9259,0,0.021,0.0531
1.03,0.9245,0.0014,0.0218,0.0523
1.04,0.9173,0.0086,0.0226,0.0515
1.05,0.9101,0.0157,0.0234,0.0508
1.06,0.9029,0.0228,0.0242,0.0501
1.07,0.8958,0.0297,0.025,0.0495
1.08,0.8887,0.0366,0.0258,0.0489
1.09,0.8817,0.0433,0.0267,0.0483
1.1,0.8747,0.05,0.0275,0.0478
1.11,0.8676,0.0566,0.0284,0.0474
1.12,0.8608,0.0631,0.0292,0.0469
1.13,0.8537,0.0696,0.0301,0.0466
1.14,0.8469,0.0759,0.031,0.0462
1.15,0.84,0.0822,0.0319,0.0459
1.16,0.8332,0.0884,0.0327,0.0457
1.17,0.8265,0.0945,0.0336,0.0454
1.18,0.8197,0.1005,0.0345,0.0453
1.19,0.8131,0.1064,0.0354,0.0451
1.2,0.8064,0.1123,0.0363,0.045
1.21,0.7996,0.1181,0.0373,0.045
1.22,0.7931,0.1238,0.0382,0.0449
1.23,0.7865,0.1294,0.0391,0.045
1.24,0.78,0.135,0.04,0.045
1.25,0.7735,0.1404,0.041,0.0451
1.26,0.7671,0.1458,0.0419,0.0452
1.27,0.7606,0.1512,0.0428,0.0454
1.28,0.7542,0.1564,0.0438,0.0456
1.29,0.7477,0.1616,0.0448,0.0459
1.3,0.7415,0.1667,0.0457,0.0461
1.31,0.7351,0.1717,0.0467,0.0465
1.32,0.729,0.1766,0.0476,0.0468
1.33,0.7227,0.1815,0.0486,0.0472
1.34,0.7165,0.1863,0.0496,0.0476
1.35,0.7103,0.191,0.0506,0.0481
1.36,0.7043,0.1956,0.0516,0.0485
1.37,0.6981,0.2002,0.0526,0.0491
1.38,0.6922,0.2047,0.0535,0.0496
1.39,0.6861,0.2092,0.0545,0.0502
1.4,0.6802,0.2135,0.0555,0.0508
1.41,0.6741,0.2178,0.0566,0.0515
1.42,0.6682,0.222,0.0576,0.0522
1.43,0.6623,0.2262,0.0586,0.0529
1.44,0.6565,0.2303,0.0596,0.0536
1.45,0.6507,0.2343,0.0606,0.0544
1.46,0.645,0.2382,0.0616,0.0552
1.47,0.6392,0.2421,0.0627,0.056
1.48,0.6335,0.2459,0.0637,0.0569
1.49,0.6278,0.2497,0.0647,0.0578
1.5,0.6223,0.2533,0.0657,0.0587
1.51,0.6165,0.257,0.0668,0.0597
1.52,0.611,0.2605,0.0678,0.0607
1.53,0.6054,0.264,0.0689,0.0617
1.54,0.6,0.2674,0.0699,0.0627
1.55,0.5945,0.2708,0.0709,0.0638
1.56,0.5891,0.274,0.072,0.0649
1.57,0.5837,0.2773,0.073,0.066
1.58,0.5784,0.2804,0.0741,0.0671
1.59,0.5731,0.2835,0.0751,0.0683
1.6,0.5677,0.2866,0.0762,0.0695
1.61,0.5625,0.2896,0.0772,0.0707
1.62,0.5572,0.2925,0.0783,0.072
1.63,0.552,0.2953,0.0794,0.0733
1.64,0.5469,0.2981,0.0804,0.0746
1.65,0.5417,0.3009,0.0815,0.0759
1.66,0.5368,0.3035,0.0825,0.0772
1.67,0.5317,0.3061,0.0836,0.0786
1.68,0.5266,0.3087,0.0847,0.08
1.69,0.5217,0.3112,0.0857,0.0814
1.7,0.5166,0.3137,0.0868,0.0829
1.71,0.5119,0.316,0.0878,0.0843
1.72,0.5069,0.3184,0.0889,0.0858
1.73,0.5021,0.3206,0.09,0.0873
1.74,0.4973,0.3229,0.091,0.0888
1.75,0.4925,0.325,0.0921,0.0904
1.76,0.4877,0.3271,0.0932,0.092
1.77,0.4831,0.3292,0.0942,0.0935
1.78,0.4784,0.3312,0.0953,0.0951
1.79,0.4737,0.3331,0.0964,0.0968
1.8,0.4692,0.335,0.0974,0.0984
1.81,0.4645,0.3369,0.0985,0.1001
1.82,0.46,0.3387,0.0995,0.1018
1.83,0.4555,0.3404,0.1006,0.1035
1.84,0.451,0.3421,0.1017,0.1052
1.85,0.4467,0.3437,0.1027,0.1069
1.86,0.4422,0.3453,0.1038,0.1087
1.87,0.438,0.3468,0.1048,0.1104
1.88,0.4336,0.3483,0.1059,0.1122
1.89,0.4293,0.3498,0.1069,0.114
1.9,0.4251,0.3511,0.108,0.1158
1.91,0.4208,0.3525,0.109,0.1177
1.92,0.4166,0.3538,0.1101,0.1195
1.93,0.4125,0.355,0.1111,0.1214
1.94,0.4083,0.3562,0.1122,0.1233
1.95,0.4043,0.3574,0.1132,0.1251
1.96,0.4002,0.3585,0.1143,0.127
1.97,0.3962,0.3595,0.1153,0.129
1.98,0.3923,0.3605,0.1163,0.1309
1.99,0.3883,0.3615,0.1174,0.1328
2,0.3844,0.3624,0.1184,0.1348
2.01,0.3805,0.3633,0.1194,0.1368
2.02,0.3766,0.3642,0.1205,0.1387
2.03,0.3728,0.365,0.1215,0.1407
2.04,0.3691,0.3657,0.1225,0.1427
2.05,0.3653,0.3665,0.1235,0.1447
2.06,0.3616,0.3671,0.1245,0.1468
2.07,0.358,0.3677,0.1255,0.1488
2.08,0.3543,0.3683,0.1266,0.1508
2.09,0.3507,0.3688,0.1276,0.1529
2.1,0.3471,0.3694,0.1286,0.1549
2.11,0.3436,0.3698,0.1296,0.157
2.12,0.3401,0.3703,0.1305,0.1591
2.13,0.3367,0.3706,0.1315,0.1612
2.14,0.3332,0.3711,0.1325,0.1632
2.15,0.3298,0.3714,0.1335,0.1653
2.16,0.3265,0.3716,0.1345,0.1674
2.17,0.3231,0.3719,0.1354,0.1696
2.18,0.3199,0.372,0.1364,0.1717
2.19,0.3166,0.3722,0.1374,0.1738
2.2,0.3134,0.3724,0.1383,0.1759
2.21,0.3102,0.3724,0.1393,0.1781
2.22,0.307,0.3726,0.1402,0.1802
2.23,0.3039,0.3726,0.1412,0.1823
2.24,0.3008,0.3726,0.1421,0.1845
2.25,0.2978,0.3725,0.1431,0.1866
2.26,0.2948,0.3724,0.144,0.1888
2.27,0.2918,0.3724,0.1449,0.1909
2.28,0.2888,0.3723,0.1458,0.1931
2.29,0.2859,0.3721,0.1467,0.1953
2.3,0.283,0.372,0.1476,0.1974
2.31,0.2802,0.3717,0.1485,0.1996
2.32,0.2774,0.3714,0.1494,0.2018
2.33,0.2746,0.3712,0.1503,0.2039
2.34,0.2719,0.3708,0.1512,0.2061
2.35,0.2692,0.3704,0.1521,0.2083
2.36,0.2665,0.3702,0.1529,0.2104
2.37,0.2638,0.3698,0.1538,0.2126
2.38,0.2612,0.3693,0.1547,0.2148
2.39,0.2587,0.3689,0.1555,0.2169
2.4,0.2561,0.3684,0.1564,0.2191
2.41,0.2536,0.3679,0.1572,0.2213
2.42,0.2512,0.3674,0.158,0.2234
2.43,0.2487,0.3669,0.1588,0.2256
2.44,0.2463,0.3662,0.1597,0.2278
2.45,0.244,0.3656,0.1605,0.2299
2.46,0.2416,0.365,0.1613,0.2321
2.47,0.2393,0.3644,0.1621,0.2342
2.48,0.2371,0.3636,0.1629,0.2364
2.49,0.2349,0.363,0.1636,0.2385
2.5,0.2327,0.3623,0.1644,0.2406
2.51,0.2305,0.3615,0.1652,0.2428
2.52,0.2284,0.3608,0.1659,0.2449
2.53,0.2263,0.36,0.1667,0.247
2.54,0.2242,0.3593,0.1674,0.2491
2.55,0.2222,0.3585,0.1681,0.2512
2.56,0.2202,0.3576,0.1689,0.2533
2.57,0.2183,0.3567,0.1696,0.2554
2.58,0.2164,0.3558,0.1703,0.2575
2.59,0.2145,0.3549,0.171,0.2596
2.6,0.2126,0.3541,0.1717,0.2616
2.61,0.2108,0.3532,0.1723,0.2637
2.62,0.209,0.3522,0.173,0.2658
2.63,0.2073,0.3512,0.1737,0.2678
2.64,0.2056,0.3503,0.1743,0.2698
2.65,0.2039,0.3492,0.175,0.2719
2.66,0.2023,0.3482,0.1756,0.2739
2.67,0.2007,0.3472,0.1762,0.2759
2.68,0.1991,0.3462,0.1768,0.2779
2.69,0.1975,0.3453,0.1774,0.2798
2.7,0.196,0.3442,0.178,0.2818
2.71,0.1946,0.343,0.1786,0.2838
2.72,0.1931,0.342,0.1792,0.2857
2.73,0.1917,0.3409,0.1797,0.2877
2.74,0.1903,0.3398,0.1803,0.2896
2.75,0.189,0.3387,0.1808,0.2915
2.76,0.1877,0.3375,0.1814,0.2934
2.77,0.1864,0.3364,0.1819,0.2953
2.78,0.1852,0.3353,0.1824,0.2971
2.79,0.184,0.3341,0.1829,0.299
2.8,0.1829,0.3329,0.1834,0.3008
2.81,0.1817,0.3318,0.1839,0.3026
2.82,0.1806,0.3307,0.1843,0.3044
2.83,0.1796,0.3294,0.1848,0.30620000000000003
2.84,0.1785,0.3283,0.1852,0.308
2.85,0.1776,0.327,0.1857,0.3097
2.86,0.1766,0.3258,0.1861,0.3115
2.87,0.1757,0.3246,0.1865,0.3132
2.88,0.1748,0.3234,0.1869,0.3149
2.89,0.1739,0.3222,0.1873,0.3166
2.9,0.1731,0.321,0.1876,0.3183
2.91,0.1723,0.3198,0.188,0.3199
2.92,0.1716,0.3185,0.1884,0.3215
2.93,0.1708,0.3173,0.1887,0.3232
2.94,0.1702,0.3161,0.189,0.3247
2.95,0.1695,0.3148,0.1893,0.3264
2.96,0.1689,0.3136,0.1896,0.3279
2.97,0.1683,0.3124,0.1899,0.3294
2.98,0.1678,0.3111,0.1902,0.3309
2.99,0.1673,0.3099,0.1905,0.3323
3,0.1668,0.3086,0.1907,0.3339
3.01,0.1663,0.3074,0.1909,0.3354
3.02,0.1659,0.30620000000000003,0.1912,0.3367
3.03,0.1655,0.3049,0.1914,0.3382
3.04,0.1652,0.3037,0.1916,0.3395
3.05,0.1649,0.3025,0.1918,0.3408
3.06,0.1646,0.3012,0.1919,0.3423
3.07,0.1644,0.3,0.1921,0.3435
3.08,0.1642,0.2988,0.1922,0.3448
3.09,0.164,0.2976,0.1923,0.3461
3.1,0.1639,0.2964,0.1925,0.3472
3.11,0.1638,0.2952,0.1926,0.3484
3.12,0.1637,0.294,0.1926,0.3497
3.13,0.1637,0.2928,0.1927,0.3508
3.14,0.1637,0.2916,0.1928,0.3519
3.15,0.1637,0.2904,0.1928,0.3531
3.16,0.1638,0.2893,0.1928,0.3541
3.17,0.1639,0.2881,0.1929,0.3551
3.18,0.164,0.2869,0.1929,0.3562
3.19,0.1642,0.2858,0.1928,0.3572
3.2,0.1644,0.2847,0.1928,0.3581
3.21,0.1646,0.2835,0.1928,0.3591
3.22,0.1649,0.2824,0.1927,0.36
3.23,0.1652,0.2813,0.1926,0.3609
3.24,0.1655,0.2802,0.1925,0.3618
3.25,0.1659,0.2791,0.1924,0.3626
3.26,0.1663,0.2781,0.1923,0.3633
3.27,0.1668,0.277,0.1921,0.3641
3.28,0.1673,0.276,0.192,0.3647
3.29,0.1678,0.2749,0.1918,0.3655
3.3,0.1683,0.2739,0.1916,0.3662
3.31,0.1689,0.2729,0.1914,0.3668
3.32,0.1695,0.2719,0.1912,0.3674
3.33,0.1702,0.271,0.191,0.3678
3.34,0.1708,0.27,0.1907,0.3685
3.35,0.1716,0.2691,0.1904,0.3689
3.36,0.1723,0.2681,0.1902,0.3694
3.37,0.1731,0.2672,0.1899,0.3698
3.38,0.1739,0.2663,0.1895,0.3703
3.39,0.1748,0.2655,0.1892,0.3705
3.4,0.1757,0.2646,0.1888,0.3709
3.41,0.1766,0.2638,0.1885,0.3711
3.42,0.1775,0.263,0.1881,0.3714
3.43,0.1785,0.2622,0.1877,0.3716
3.44,0.1795,0.2614,0.1872,0.3719
3.45,0.1806,0.2606,0.1868,0.372
3.46,0.1817,0.2599,0.1863,0.3721
3.47,0.1828,0.2592,0.1859,0.3721
3.48,0.184,0.2585,0.1854,0.3721
3.49,0.1852,0.2578,0.1849,0.3721
3.5,0.1864,0.2572,0.1843,0.3721
