avg_workers,wrk0,wrk1,wrk2,wrk3
0,0.9972,0.0014,0,0.0014
0.01,0.9872,0.0128,0,0
0.02,0.9759,0.0241,0,0
0.03,0.9638,0.0351,0.0011,0
0.04,0.9515,0.046,0.0025,0
0.05,0.9395,0.0566,0.0039,0
0.06,0.9276,0.0671,0.0053,0
0.07,0.9159,0.0774,0.0067,0
0.08,0.9043,0.0875,0.0082,0
0.09,0.893,0.0974,0.0096,0
0.1,0.8818,0.1071,0.0111,0
0.11,0.8707,0.1167,0.0126,0
0.12,0.8599,0.126,0.0141,0
0.13,0.8492,0.1352,0.0156,0
0.14,0.8387,0.1442,0.0171,0
0.15,0.8283,0.153,0.0187,0
0.16,0.8181,0.1616,0.0203,0
0.17,0.808,0.1701,0.0219,0
0.18,0.7981,0.1784,0.0235,0
0.19,0.7884,0.1865,0.0251,0
0.2,0.7789,0.1944,0.0267,0
0.21,0.7694,0.2022,0.0284,0
0.22,0.7601,0.2098,0.0301,0
0.23,0.751,0.2172,0.0318,0
0.24,0.742,0.2245,0.0335,0
0.25,0.7332,0.2316,0.0352,0
0.26,0.7245,0.2386,0.0369,0
0.27,0.716,0.2453,0.0387,0
0.28,0.7076,0.2519,0.0405,0
0.29,0.6993,0.2584,0.0423,0
0.3,0.6912,0.2647,0.0441,0
0.31,0.6832,0.2709,0.0459,0
0.32,0.6754,0.2768,0.0478,0
0.33,0.6676,0.2827,0.0497,0
0.34,0.66,0.2884,0.0516,0
0.35,0.6526,0.2939,0.0535,0
0.36,0.6453,0.2993,0.0554,0
0.37,0.6382,0.3045,0.0573,0
0.38,0.6311,0.3096,0.0593,0
0.39,0.6241,0.3146,0.0613,0
0.4,0.6173,0.3194,0.0633,0
0.41,0.6107,0.324,0.0653,0
0.42,0.6042,0.3285,0.0673,0
0.43,0.5977,0.3329,0.0694,0
0.44,0.5913,0.3372,0.0715,0
0.45,0.5851,0.3413,0.0736,0
0.46,0.579,0.3453,0.0757,0
0.47,0.5731,0.3491,0.0778,0
0.48,0.5673,0.3528,0.0799,0
0.49,0.5615,0.3564,0.0821,0
0.5,0.5559,0.3598,0.0843,0
0.51,0.5504,0.3631,0.0865,0
0.52,0.545,0.3663,0.0887,0
0.53,0.5396,0.3694,0.091,0
0.54,0.5344,0.3723,0.0933,0
0.55,0.5294,0.3751,0.0955,0
0.56,0.5244,0.3778,0.0978,0
0.57,0.5194,0.3804,0.1002,0
0.58,0.5146,0.3829,0.1025,0
0.59,0.5094,0.3852,0.1049,5e-4
0.6,0.5036,0.3875,0.1073,0.0016
0.61,0.498,0.3896,0.1097,0.0027
0.62,0.4925,0.3916,0.1121,0.0038
0.63,0.4871,0.3935,0.1145,0.0049
0.64,0.4817,0.3952,0.117,0.0061
0.65,0.4763,0.3969,0.1195,0.0073
0.66,0.471,0.3985,0.122,0.0085
0.67,0.4659,0.3999,0.1245,0.0097
0.68,0.4607,0.4013,0.127,0.011
0.69,0.4557,0.4025,0.1296,0.0122
0.7,0.4506,0.4037,0.1322,0.0135
0.71,0.4456,0.4048,0.1348,0.0148
0.72,0.4408,0.4057,0.1374,0.0161
0.73,0.4358,0.4066,0.1401,0.0175
0.74,0.43120000000000003,0.4073,0.1427,0.0188
0.75,0.4264,0.408,0.1454,0.0202
0.76,0.4218,0.4086,0.1481,0.0215
0.77,0.4172,0.409,0.1509,0.0229
0.78,0.4126,0.4094,0.1536,0.0244
0.79,0.4081,0.4097,0.1564,0.0258
0.8,0.4037,0.4099,0.1592,0.0272
0.81,0.3993,0.41,0.162,0.0287
0.82,0.3949,0.4102,0.1648,0.0301
0.83,0.3906,0.4101,0.1677,0.0316
0.84,0.3864,0.4099,0.1706,0.0331
0.85,0.3822,0.4098,0.1734,0.0346
0.86,0.3781,0.4094,0.1764,0.0361
0.87,0.374,0.4091,0.1793,0.0376
0.88,0.3699,0.4087,0.1823,0.0391
0.89,0.3659,0.4082,0.1853,0.0406
0.9,0.362,0.4076,0.1883,0.0421
0.91,0.3581,0.4069,0.1913,0.0437
0.92,0.3542,0.4063,0.1943,0.0452
0.93,0.3504,0.4055,0.1974,0.0467
0.94,0.3466,0.4046,0.2005,0.0483
0.95,0.3429,0.4037,0.2036,0.0498
0.96,0.3391,0.4027,0.2068,0.0514
0.97,0.3355,0.4016,0.2099,0.053
0.98,0.3319,0.4005,0.2131,0.0545
0.99,0.3283,0.3993,0.2163,0.0561
1,0.3247,0.3982,0.2195,0.0576
1.01,0.3212,0.3968,0.2228,0.0592
1.02,0.3177,0.3955,0.226,0.0608
1.03,0.3142,0.3942,0.2293,0.0623
1.04,0.3108,0.3926,0.2327,0.0639
1.05,0.3074,0.3912,0.236,0.0654
1.06,0.3041,0.3895,0.2394,0.067
1.07,0.3008,0.388,0.2427,0.0685
1.08,0.2975,0.3862,0.2462,0.0701
1.09,0.2942,0.3846,0.2496,0.0716
1.1,0.2909,0.3829,0.253,0.0732
1.11,0.2877,0.3811,0.2565,0.0747
1.12,0.2845,0.3793,0.26,0.0762
1.13,0.2814,0.3774,0.2635,0.0777
1.14,0.2782,0.3755,0.2671,0.0792
1.15,0.2751,0.3736,0.2706,0.0807
1.16,0.272,0.3716,0.2742,0.0822
1.17,0.2689,0.3695,0.2779,0.0837
1.18,0.2659,0.3674,0.2815,0.0852
1.19,0.2629,0.3653,0.2852,0.0866
1.2,0.2598,0.3633,0.2888,0.0881
1.21,0.2568,0.3612,0.2925,0.0895
1.22,0.2539,0.3588,0.2963,0.091
1.23,0.2509,0.3567,0.3,0.0924
1.24,0.2479,0.3545,0.3038,0.0938
1.25,0.245,0.3522,0.3076,0.0952
1.26,0.2421,0.3499,0.3115,0.0965
1.27,0.2392,0.3476,0.3153,0.0979
1.28,0.2363,0.3453,0.3192,0.0992
1.29,0.2334,0.343,0.3231,0.1005
1.3,0.2305,0.3407,0.327,0.1018
1.31,0.2276,0.3383,0.331,0.1031
1.32,0.2248,0.3359,0.3349,0.1044
1.33,0.2219,0.3335,0.339,0.1056
1.34,0.2191,0.3311,0.3429,0.1069
1.35,0.2162,0.3287,0.347,0.1081
1.36,0.2134,0.3263,0.351,0.1093
1.37,0.2106,0.3238,0.3552,0.1104
1.38,0.2077,0.3214,0.3593,0.1116
1.39,0.2049,0.319,0.3634,0.1127
1.4,0.2021,0.3165,0.3676,0.1138
1.41,0.1992,0.3141,0.3718,0.1149
1.42,0.1964,0.3116,0.3761,0.1159
1.43,0.1936,0.3092,0.3803,0.1169
1.44,0.1908,0.3068,0.3845,0.1179
1.45,0.1879,0.3043,0.3889,0.1189
1.46,0.1851,0.3019,0.3931,0.1199
1.47,0.1822,0.2995,0.3975,0.1208
1.48,0.1794,0.2971,0.4018,0.1217
1.49,0.1765,0.2947,0.4063,0.1225
1.5,0.1737,0.2923,0.4106,0.1234
