origin_dist,dest_dist,obs,gan,diff,pct_diff
1,1,74,31.977686,-42.02231407165527,-0.5678691090764226
1,2,4,1.0852164,-2.9147835969924927,-0.7286958992481232
1,3,22,25.34669,3.346689224243164,0.15212223746559836
1,4,10,1.4915857,-8.508414268493652,-0.8508414268493653
1,5,4,7.069578,3.069578170776367,0.7673945426940918
1,6,5,3.7836056,-1.2163944244384766,-0.2432788848876953
1,8,2,7.900467,5.9004669189453125,2.9502334594726562
1,9,16,31.87016,15.870159149169922,0.9918849468231201
1,10,3,2.7135453,-0.2864546775817871,-0.09548489252726237
1,12,1,18.449074,17.449073791503906,17.449073791503906
1,14,1,0.98525244,-0.014747560024261475,-0.014747560024261475
1,15,7,4.2560954,-2.7439045906066895,-0.3919863700866699
1,23,2,8.107943,6.107942581176758,3.053971290588379
1,24,3,7.448533,4.448533058166504,1.482844352722168
1,25,2,2.3833025,0.3833024501800537,0.19165122509002686
1,27,2,0.18941832,-1.8105816841125488,-0.9052908420562744
2,1,15,17.151398,2.151397705078125,0.143426513671875
2,2,13,11.441961,-1.5580387115478516,-0.11984913165752704
2,3,14,8.701192,-5.2988080978393555,-0.3784862927028111
2,4,5,7.6320558,2.6320557594299316,0.5264111518859863
2,5,29,47.852184,18.852184295654297,0.6500753205398033
2,6,1,0.71177155,-0.28822845220565796,-0.28822845220565796
2,7,3,4.2466426,1.2466425895690918,0.41554752985636395
2,8,11,6.4327874,-4.5672125816345215,-0.4152011437849565
2,9,21,13.419062,-7.580938339233398,-0.360997063773019
2,10,17,15.880184,-1.1198158264160156,-0.0658715192009421
2,12,5,2.768501,-2.231498956680298,-0.44629979133605957
2,14,3,6.7893677,3.78936767578125,1.26312255859375
2,15,6,2.436376,-3.5636239051818848,-0.5939373175303141
2,16,4,1.0450346,-2.954965353012085,-0.7387413382530212
2,23,3,0.5810684,-2.4189316034317017,-0.8063105344772339
2,24,6,2.8778312,-3.122168779373169,-0.5203614632288615
2,25,8,9.598406,1.5984058380126953,0.19980072975158691
2,26,1,5.7737803,4.773780345916748,4.773780345916748
2,28,2,0.10624415,-1.893755853176117,-0.9468779265880585
3,1,46,29.230284,-16.769716262817383,-0.36455904919168225
3,2,9,2.779342,-6.22065806388855,-0.69118422932095
3,3,222,270.48007,48.480072021484375,0.21837870279947916
3,4,14,3.7860293,-10.21397066116333,-0.7295693329402378
3,5,22,18.564833,-3.4351673126220703,-0.15614396875554865
3,6,26,9.955683,-16.0443172454834,-0.6170891248262845
3,7,7,6.4476104,-0.5523896217346191,-0.0789128031049456
3,8,12,6.6333694,-5.366630554199219,-0.4472192128499349
3,9,132,125.71394,-6.2860565185546875,-0.04762164029208096
3,10,6,6.0635567,0.06355667114257812,0.010592778523763021
3,11,6,14.9794855,8.979485511779785,1.4965809186299641
3,12,3,2.4174151,-0.5825848579406738,-0.19419495264689127
3,13,1,1.2163991,0.21639907360076904,0.21639907360076904
3,14,5,4.70866,-0.2913398742675781,-0.058267974853515626
3,15,6,8.08673,2.0867300033569336,0.34778833389282227
3,16,6,4.82818,-1.1718201637268066,-0.19530336062113443
3,23,7,1.6894163,-5.310583710670471,-0.7586548158100673
3,24,16,13.524213,-2.4757871627807617,-0.1547366976737976
3,25,9,17.696661,8.696660995483398,0.9662956661648221
4,1,82,89.23676,7.236763000488281,0.08825320732302783
4,2,17,9.390579,-7.6094207763671875,-0.4476129868451287
4,3,37,29.893452,-7.106548309326172,-0.19206887322503166
4,4,111,102.95565,-8.044349670410156,-0.07247161865234375
4,5,11,12.74931,1.7493095397949219,0.15902813998135654
4,6,13,7.0997267,-5.900273323059082,-0.45386717869685245
4,7,4,5.24237,1.2423701286315918,0.31059253215789795
4,8,92,120.44249,28.442489624023438,0.3091574959132982
4,9,40,25.387798,-14.612201690673828,-0.3653050422668457
4,10,7,7.0584817,0.058481693267822266,0.008354527609688895
4,12,4,5.322673,1.3226728439331055,0.33066821098327637
4,14,4,5.0884376,1.088437557220459,0.27210938930511475
4,15,5,5.1249523,0.12495231628417969,0.02499046325683594
4,23,4,1.0547795,-2.945220470428467,-0.7363051176071167
4,24,12,7.093847,-4.906153202056885,-0.40884610017140705
4,25,3,8.560582,5.560582160949707,1.8535273869832356
4,28,1,0.23547544,-0.7645245641469955,-0.7645245641469955
5,1,48,35.67681,-12.323188781738281,-0.25673309961954754
5,2,7,6.074512,-0.9254879951477051,-0.13221257073538645
5,3,45,42.36403,-2.6359710693359375,-0.05857713487413194
5,4,13,10.881996,-2.1180038452148438,-0.16292337270883414
5,5,307,324.6858,17.685791015625,0.05760843979030945
5,6,1,0.7857682,-0.21423178911209106,-0.21423178911209106
5,7,24,11.699662,-12.300337791442871,-0.512514074643453
5,8,9,5.4962087,-3.503791332244873,-0.3893101480272081
5,9,50,35.198975,-14.801025390625,-0.2960205078125
5,10,23,22.598942,-0.4010581970214844,-0.01743731291397758
5,11,4,3.2224803,-0.777519702911377,-0.19437992572784424
5,12,41,42.97682,1.9768218994140625,0.04821516827839177
5,13,2,1.58832,-0.4116799831390381,-0.20583999156951904
5,14,105,100.68314,-4.316856384277344,-0.04111291794549851
5,15,10,6.5340843,-3.4659156799316406,-0.34659156799316404
5,16,6,3.077282,-2.922718048095703,-0.4871196746826172
5,22,1,0.13678071,-0.863219290971756,-0.863219290971756
5,23,3,2.158763,-0.8412370681762695,-0.28041235605875653
5,24,46,50.888386,4.888385772705078,0.10626925592837126
5,25,74,110.886055,36.88605499267578,0.49846020260372675
5,26,6,4.9206657,-1.0793342590332031,-0.17988904317220053
5,27,2,3.7850385,1.7850384712219238,0.8925192356109619
6,1,60,51.356907,-8.64309310913086,-0.14405155181884766
6,2,1,2.153984,1.1539840698242188,1.1539840698242188
6,3,109,115.11328,6.11328125,0.05608514908256881
6,4,49,51.772114,2.772113800048828,0.056573751021404654
6,5,3,10.314762,7.314762115478516,2.4382540384928384
6,6,138,111.06396,-26.93604278564453,-0.19518871583800385
6,7,7,6.0550923,-0.9449076652526855,-0.13498680932181223
6,8,35,63.419228,28.419227600097656,0.8119779314313617
6,9,147,126.51654,-20.48345947265625,-0.13934326171875
6,10,4,5.004952,1.0049519538879395,0.25123798847198486
6,11,1,0.82618386,-0.17381614446640015,-0.17381614446640015
6,13,2,1.5185741,-0.4814258813858032,-0.2407129406929016
6,14,4,3.3861606,-0.6138393878936768,-0.1534598469734192
6,15,22,12.917537,-9.082463264465332,-0.4128392392938787
6,16,1,2.1381996,1.1381995677947998,1.1381995677947998
6,18,2,1.1375195,-0.8624805212020874,-0.4312402606010437
6,23,4,7.4495964,3.449596405029297,0.8623991012573242
6,24,8,10.601538,2.6015377044677734,0.3251922130584717
6,25,5,14.095918,9.095917701721191,1.8191835403442382
6,27,1,1.2795581,0.27955806255340576,0.27955806255340576
7,3,2,9.661708,7.661707878112793,3.8308539390563965
7,7,34,6.5383196,-27.46168041229248,-0.8076964827144847
7,8,1,0.6535663,-0.34643369913101196,-0.34643369913101196
7,9,1,1.4078599,0.4078599214553833,0.4078599214553833
7,24,3,3.069755,0.06975507736206055,0.023251692454020183
7,25,2,15.645474,13.645474433898926,6.822737216949463
8,1,52,45.624924,-6.3750762939453125,-0.12259762103740986
8,2,4,3.1481225,-0.8518774509429932,-0.2129693627357483
8,3,28,40.19147,12.191471099853516,0.43540968213762554
8,4,66,57.57575,-8.424251556396484,-0.12764017509691644
8,5,11,8.099403,-2.9005966186523438,-0.2636906016956676
8,6,16,14.023857,-1.9761428833007812,-0.12350893020629883
8,7,7,2.7022433,-4.297756671905518,-0.6139652388436454
8,8,223,200.39417,-22.6058349609375,-0.10137145722393498
8,9,42,53.442455,11.442455291748047,0.27243941170828684
8,10,1,6.3114223,5.311422348022461,5.311422348022461
8,11,1,0.7279599,-0.27204012870788574,-0.27204012870788574
8,12,1,3.7504597,2.750459671020508,2.750459671020508
8,13,5,4.928321,-0.07167911529541016,-0.014335823059082032
8,14,14,6.3489385,-7.651061534881592,-0.5465043953486851
8,15,7,10.567172,3.567172050476074,0.5095960072108677
8,16,5,3.6763487,-1.3236513137817383,-0.26473026275634765
8,23,4,1.3630294,-2.636970639228821,-0.6592426598072052
8,24,9,20.099928,11.09992790222168,1.2333253224690754
8,25,9,21.17072,12.170719146728516,1.3523021274142795
8,26,1,0.6315404,-0.3684595823287964,-0.3684595823287964
8,27,1,1.4932339,0.49323391914367676,0.49323391914367676
9,1,23,13.384836,-9.615163803100586,-0.4180506001348081
9,2,5,3.17024,-1.8297600746154785,-0.3659520149230957
9,3,99,82.063995,-16.936004638671875,-0.17107075392597854
9,4,7,4.8906207,-2.109379291534424,-0.301339898790632
9,5,7,7.2620625,0.26206254959106445,0.03743750708443778
9,6,23,8.559323,-14.44067668914795,-0.6278555082238239
9,7,19,7.139175,-11.860825061798096,-0.6242539506209525
9,8,9,11.38996,2.389960289001465,0.265551143222385
9,9,359,400.90063,41.900634765625,0.11671486007137884
9,10,8,6.0757074,-1.9242925643920898,-0.24053657054901123
9,11,3,2.565639,-0.43436098098754883,-0.14478699366251627
9,12,4,3.5299056,-0.4700944423675537,-0.11752361059188843
9,13,1,0.42317826,-0.5768217444419861,-0.5768217444419861
9,14,3,2.1049192,-0.8950808048248291,-0.29836026827494305
9,15,44,81.51421,37.51421356201172,0.8525957627729936
9,18,1,0.318619,-0.6813809871673584,-0.6813809871673584
9,23,25,21.338528,-3.6614723205566406,-0.14645889282226562
9,24,24,3.6011355,-20.39886450767517,-0.8499526878197988
9,25,5,6.7054896,1.7054896354675293,0.34109792709350584
9,26,4,1.0356773,-2.9643226861953735,-0.7410806715488434
10,1,38,28.878014,-9.121986389160156,-0.2400522733989515
10,2,22,19.211765,-2.7882347106933594,-0.1267379413951527
10,3,59,32.397827,-26.6021728515625,-0.4508842856197034
10,4,14,7.542808,-6.4571919441223145,-0.46122799600873676
10,5,62,74.82043,12.820426940917969,0.2067810796922253
10,6,2,0.9703351,-1.0296648740768433,-0.5148324370384216
10,7,2,2.8351588,0.8351588249206543,0.41757941246032715
10,8,17,26.543736,9.54373550415039,0.5613962061264935
10,9,50,46.60703,-3.3929710388183594,-0.06785942077636718
10,10,126,165.38152,39.38151550292969,0.31255171034071183
10,12,14,8.79382,-5.206179618835449,-0.37186997277396067
10,13,3,0.6491958,-2.3508042097091675,-0.7836014032363892
10,14,33,28.306244,-4.693756103515625,-0.14223503343986743
10,15,7,11.054088,4.0540876388549805,0.5791553769792829
10,16,15,44.675465,29.675464630126953,1.9783643086751301
10,19,1,0.004425424,-0.9955745758488774,-0.9955745758488774
10,23,9,5.220303,-3.7796969413757324,-0.41996632681952584
10,24,16,10.21118,-5.788820266723633,-0.36180126667022705
10,25,16,34.719032,18.719032287597656,1.1699395179748535
10,26,66,16.55048,-49.449520111083984,-0.7492351531982422
10,27,3,7.2463264,4.246326446533203,1.4154421488444011
11,1,21,8.3047905,-12.695209503173828,-0.6045337858654204
11,2,5,0.9607274,-4.039272606372833,-0.8078545212745667
11,3,31,40.15173,9.151729583740234,0.2952170833464592
11,4,2,0.7753259,-1.224674105644226,-0.612337052822113
11,5,12,9.954794,-2.045206069946289,-0.17043383916219076
11,7,10,5.9835477,-4.016452312469482,-0.40164523124694823
11,8,2,1.2854697,-0.714530348777771,-0.3572651743888855
11,9,123,94.36895,-28.63105010986328,-0.2327727651208397
11,10,7,1.7505726,-5.249427437782288,-0.7499182053974697
11,11,56,78.32848,22.32848358154297,0.3987229210989816
11,12,2,12.7510805,10.751080513000488,5.375540256500244
11,14,7,7.551404,0.5514039993286133,0.0787719999040876
11,15,19,26.331707,7.331707000732422,0.3858793158280222
11,16,1,2.7671292,1.7671291828155518,1.7671291828155518
11,22,1,0.07173687,-0.9282631278038025,-0.9282631278038025
11,23,11,12.865281,1.865281105041504,0.16957100954922763
11,24,31,17.15355,-13.846450805664062,-0.4466597034085181
11,25,15,32.95132,17.95132064819336,1.1967547098795572
11,26,1,0.6476448,-0.3523551821708679,-0.3523551821708679
11,27,1,1.5732577,0.5732576847076416,0.5732576847076416
12,1,57,36.478447,-20.52155303955078,-0.36002724630790844
12,2,9,1.9457341,-7.054265856742859,-0.7838073174158732
12,3,35,40.65425,5.6542510986328125,0.16155003138950894
12,4,11,1.9341508,-9.06584918498993,-0.8241681077263572
12,5,114,88.5385,-25.461502075195312,-0.22334650943153783
12,6,5,1.8413475,-3.1586525440216064,-0.6317305088043212
12,7,20,26.166473,6.166473388671875,0.30832366943359374
12,8,5,8.969742,3.9697418212890625,0.7939483642578125
12,9,62,56.09355,-5.9064483642578125,-0.09526529619770666
12,10,14,7.5642505,-6.435749530792236,-0.4596963950565883
12,11,1,3.378239,2.3782389163970947,2.3782389163970947
12,12,321,367.65625,46.65625,0.14534657320872274
12,13,2,1.5931237,-0.4068763256072998,-0.2034381628036499
12,14,172,174.61748,2.6174774169921875,0.015217891959256904
12,15,14,9.159863,-4.840136528015137,-0.3457240377153669
12,16,2,1.4973255,-0.5026744604110718,-0.2513372302055359
12,23,5,2.9262037,-2.073796272277832,-0.4147592544555664
12,24,87,46.8686,-40.13140106201172,-0.46128047197714617
12,25,103,171.68484,68.68484497070312,0.6668431550553702
12,26,1,1.0161874,0.016187429428100586,0.016187429428100586
12,27,17,5.3802085,-11.619791507720947,-0.6835171475129969
13,1,35,27.797382,-7.202617645263672,-0.20578907557896206
13,2,4,2.102564,-1.8974359035491943,-0.4743589758872986
13,3,21,33.380535,12.380535125732422,0.5895492917015439
13,4,38,22.832932,-15.167068481445312,-0.3991333810906661
13,5,17,5.484555,-11.515445232391357,-0.6773791313171387
13,6,13,8.271922,-4.7280778884887695,-0.36369829911452073
13,7,5,2.2754848,-2.724515199661255,-0.544903039932251
13,8,102,117.132935,15.1329345703125,0.14836210363051472
13,9,35,53.238297,18.238296508789062,0.5210941859654018
13,10,1,9.22011,8.220109939575195,8.220109939575195
13,12,13,2.6070297,-10.392970323562622,-0.7994592556586633
13,13,17,14.253589,-2.7464113235473633,-0.16155360726749196
13,14,29,5.360582,-23.639418125152588,-0.8151523491431927
13,15,7,13.676196,6.676196098327637,0.9537422997610909
13,16,2,6.129908,4.129908084869385,2.0649540424346924
13,23,5,2.74791,-2.2520899772644043,-0.45041799545288086
13,24,8,5.840498,-2.1595020294189453,-0.26993775367736816
13,25,6,24.376005,18.376005172729492,3.0626675287882485
13,27,5,1.9442061,-3.055793881416321,-0.6111587762832642
14,1,52,25.202303,-26.797697067260742,-0.5153403282165527
14,2,6,5.6621146,-0.33788537979125977,-0.05631422996520996
14,3,32,37.36826,5.368259429931641,0.16775810718536377
14,4,2,2.2082777,0.20827770233154297,0.10413885116577148
14,5,66,46.75366,-19.246341705322266,-0.2916112379594283
14,6,4,1.1020705,-2.897929549217224,-0.724482387304306
14,7,14,7.591885,-6.408114910125732,-0.45772249358040945
14,8,18,7.049951,-10.950048923492432,-0.6083360513051351
14,9,56,28.344168,-27.655832290649414,-0.493854148047311
14,10,8,11.202081,3.202080726623535,0.4002600908279419
14,11,6,3.6414769,-2.35852313041687,-0.3930871884028117
14,12,145,186.98344,41.98344421386719,0.2895409945783944
14,13,3,1.6838499,-1.3161500692367554,-0.43871668974558514
14,14,327,483.3183,156.31829833984375,0.47803760960196867
14,15,15,17.46419,2.4641895294189453,0.16427930196126303
14,21,1,1.6602717e-05,-0.9999833972833585,-0.9999833972833585
14,23,11,4.2996426,-6.700357437133789,-0.609123403375799
14,24,39,23.828896,-15.171104431152344,-0.389002677721855
14,25,75,103.20831,28.20831298828125,0.37611083984375
14,26,4,1.8038975,-2.196102499961853,-0.5490256249904633
14,27,222,104.20225,-117.7977523803711,-0.5306205062178878
15,1,26,12.3212805,-13.678719520568848,-0.5261045969449557
15,2,2,1.1779093,-0.822090744972229,-0.4110453724861145
15,3,44,35.232372,-8.767627716064453,-0.1992642662741921
15,4,2,1.9052281,-0.0947718620300293,-0.04738593101501465
15,5,13,5.40451,-7.595489978790283,-0.5842684599069449
15,6,6,1.3817914,-4.618208646774292,-0.7697014411290487
15,7,9,2.7937193,-6.206280708312988,-0.6895867453681098
15,8,5,3.7481625,-1.2518374919891357,-0.2503674983978271
15,9,240,196.58527,-43.41473388671875,-0.1808947245279948
15,10,1,0.9322288,-0.06777119636535645,-0.06777119636535645
15,11,1,1.638029,0.6380289793014526,0.6380289793014526
15,12,2,2.097346,0.09734606742858887,0.048673033714294434
15,13,2,0.41110745,-1.588892549276352,-0.794446274638176
15,14,4,1.2121632,-2.787836790084839,-0.6969591975212097
15,15,283,370.32065,87.32064819335938,0.30855352718501544
15,18,1,0.35659435,-0.6434056460857391,-0.6434056460857391
15,23,86,85.352356,-0.64764404296875,-0.007530744685683139
15,24,6,6.5424027,0.5424027442932129,0.09040045738220215
15,25,2,5.1571016,3.157101631164551,1.5785508155822754
15,27,3,0.79719234,-2.202807664871216,-0.7342692216237386
16,1,22,8.551158,-13.44884204864502,-0.6113110022111372
16,2,3,6.1043215,3.1043214797973633,1.034773826599121
16,3,34,36.03264,2.0326385498046875,0.0597834867589614
16,4,6,2.4727645,-3.527235507965088,-0.587872584660848
16,5,28,19.735191,-8.264808654785156,-0.29517173767089844
16,6,4,0.5493734,-3.4506266117095947,-0.8626566529273987
16,7,10,3.203494,-6.796505928039551,-0.6796505928039551
16,8,12,5.795019,-6.204980850219727,-0.5170817375183105
16,9,43,39.806557,-3.1934432983398438,-0.07426612321720567
16,10,24,119.9418,95.94180297851562,3.997575124104818
16,12,7,7.199782,0.1997818946838379,0.0285402706691197
16,14,7,12.737545,5.737545013427734,0.8196492876325335
16,15,8,8.617661,0.6176614761352539,0.07720768451690674
16,16,251,254.64847,3.648468017578125,0.01453572915369771
16,18,1,0.1110864,-0.8889136016368866,-0.8889136016368866
16,23,14,2.0964608,-11.903539180755615,-0.850252798625401
16,24,13,14.996277,1.99627685546875,0.15355975811298078
16,25,11,30.923914,19.923913955688477,1.8112649050625889
16,26,89,3.6811795,-85.31882047653198,-0.9586384323205841
16,27,3,1.8183293,-1.1816706657409668,-0.3938902219136556
16,28,3,11.743467,8.743467330932617,2.9144891103108725
17,1,1,0.73672706,-0.2632729411125183,-0.2632729411125183
17,3,5,3.2600644,-1.7399356365203857,-0.34798712730407716
17,9,14,5.1763535,-8.823646545410156,-0.6302604675292969
17,12,1,0.39640352,-0.6035964787006378,-0.6035964787006378
17,14,1,0.18790153,-0.8120984733104706,-0.8120984733104706
17,15,22,29.513054,7.513053894042969,0.34150244972922583
17,22,2,0.02198651,-1.97801348939538,-0.98900674469769
17,23,5,6.860817,1.8608169555664062,0.37216339111328123
18,1,6,1.4108759,-4.589124083518982,-0.7648540139198303
18,3,5,7.4401045,2.4401044845581055,0.4880208969116211
18,7,3,0.55480385,-2.4451961517333984,-0.8150653839111328
18,9,13,11.713941,-1.2860593795776367,-0.09892764458289513
18,15,12,27.382584,15.382583618164062,1.2818819681803386
18,16,1,0.2518297,-0.7481702864170074,-0.7481702864170074
18,18,15,4.015631,-10.984368801116943,-0.7322912534077962
18,23,10,6.457573,-3.5424270629882812,-0.35424270629882815
18,24,3,1.1729553,-1.8270447254180908,-0.6090149084726969
19,1,9,9.201914,0.20191383361816406,0.02243487040201823
19,2,2,0.5248817,-1.4751182794570923,-0.7375591397285461
19,3,5,10.704194,5.704194068908691,1.1408388137817382
19,4,4,0.24130641,-3.758693590760231,-0.9396733976900578
19,5,14,9.022269,-4.977730751037598,-0.35555219650268555
19,7,3,0.5533257,-2.4466742873191833,-0.8155580957730612
19,9,13,7.8095512,-5.190448760986328,-0.3992652893066406
19,10,3,12.25694,9.256939888000488,3.085646629333496
19,11,1,0.24581073,-0.7541892677545547,-0.7541892677545547
19,12,18,17.092602,-0.9073982238769531,-0.05041101243760851
19,14,50,89.10875,39.10874938964844,0.7821749877929688
19,15,4,0.9639915,-3.0360084772109985,-0.7590021193027496
19,18,1,0.014838449,-0.9851615512743592,-0.9851615512743592
19,23,2,9.773929,7.773928642272949,3.8869643211364746
19,24,11,1.2833172,-9.7166827917099,-0.8833347992463545
19,25,15,14.095556,-0.9044437408447266,-0.060296249389648435
19,26,1,0.9356581,-0.06434190273284912,-0.06434190273284912
19,27,92,61.807964,-30.192035675048828,-0.3281743008157481
20,2,2,0.07735488,-1.9226451218128204,-0.9613225609064102
20,3,1,1.258865,0.25886499881744385,0.25886499881744385
20,9,3,5.0179214,2.0179214477539062,0.6726404825846354
20,16,7,3.2005348,-3.7994651794433594,-0.5427807399204799
20,24,1,0.16666855,-0.8333314508199692,-0.8333314508199692
20,25,3,2.4313567,-0.56864333152771,-0.18954777717590332
20,26,3,0.033767756,-2.966232243925333,-0.9887440813084444
21,5,2,0.90588385,-1.0941161513328552,-0.5470580756664276
21,9,7,1.6813408,-5.31865918636322,-0.7598084551947457
21,12,1,2.7627282,1.762728214263916,1.762728214263916
21,13,4,0.1106034,-3.8893966004252434,-0.9723491501063108
21,24,7,0.545492,-6.454508006572723,-0.9220725723675319
21,25,1,5.774741,4.774741172790527,4.774741172790527
22,1,7,1.0509152,-5.949084758758545,-0.8498692512512207
22,3,10,8.001695,-1.998305320739746,-0.1998305320739746
22,5,3,0.5405807,-2.459419310092926,-0.819806436697642
22,7,1,0.34782538,-0.6521746218204498,-0.6521746218204498
22,9,17,31.909994,14.909994125366211,0.8770584779627183
22,15,35,33.22745,-1.7725486755371094,-0.05064424787248884
22,18,11,0.011417838,-10.988582162186503,-0.9989620147442276
22,22,1,0.29094985,-0.7090501487255096,-0.7090501487255096
22,23,23,34.788506,11.788505554199219,0.5125437197477921
22,24,3,0.29987696,-2.70012304186821,-0.90004101395607
22,25,2,0.43640998,-1.56359001994133,-0.781795009970665
23,1,37,26.934643,-10.065357208251953,-0.27203668130410685
23,2,4,2.240258,-1.759742021560669,-0.43993550539016724
23,3,55,81.92728,26.927276611328125,0.4895868474786932
23,4,1,2.64886,1.648859977722168,1.648859977722168
23,5,13,8.798771,-4.201229095458984,-0.3231714688814603
23,6,4,3.7894108,-0.21058917045593262,-0.052647292613983154
23,7,16,9.0624695,-6.937530517578125,-0.4335956573486328
23,8,5,4.1230674,-0.8769326210021973,-0.17538652420043946
23,9,333,303.3475,-29.652496337890625,-0.0890465355492211
23,10,4,4.886831,0.8868308067321777,0.22170770168304443
23,11,5,4.480423,-0.5195770263671875,-0.1039154052734375
23,12,5,9.13762,4.137619972229004,0.8275239944458008
23,13,1,0.60924935,-0.3907506465911865,-0.3907506465911865
23,14,7,4.546739,-2.453260898590088,-0.35046584265572683
23,15,205,236.12158,31.12158203125,0.15181259527439026
23,16,2,1.5002652,-0.4997347593307495,-0.24986737966537476
23,18,1,0.28419977,-0.7158002257347107,-0.7158002257347107
23,22,2,0.34042037,-1.6595796346664429,-0.8297898173332214
23,23,314,336.25528,22.255279541015625,0.07087668643635549
23,24,44,16.979109,-27.020891189575195,-0.6141111633994363
23,25,13,13.969102,0.9691019058227539,0.07454630044790414
23,26,3,0.7725784,-2.2274215817451477,-0.7424738605817159
23,27,1,1.394846,0.39484596252441406,0.39484596252441406
24,1,2,0.6180149,-1.3819851279258728,-0.6909925639629364
24,3,2,2.299987,0.2999870777130127,0.14999353885650635
24,4,1,0.11204187,-0.8879581317305565,-0.8879581317305565
24,5,6,1.869365,-4.130635023117065,-0.6884391705195109
24,6,2,0.027411003,-1.9725889973342419,-0.9862944986671209
24,9,5,1.1346025,-3.8653974533081055,-0.7730794906616211
24,10,2,0.23803185,-1.7619681507349014,-0.8809840753674507
24,12,4,1.4308448,-2.569155216217041,-0.6422888040542603
24,14,2,0.76337194,-1.2366280555725098,-0.6183140277862549
24,15,3,0.26870382,-2.731296181678772,-0.9104320605595907
24,23,1,0.083433814,-0.9165661856532097,-0.9165661856532097
24,24,4,14.615815,10.615815162658691,2.653953790664673
24,25,2,7.445286,5.445285797119141,2.7226428985595703
25,1,3,0.13989155,-2.8601084500551224,-0.9533694833517075
25,5,3,7.5855236,4.58552360534668,1.5285078684488933
25,9,4,0.2904231,-3.709576904773712,-0.927394226193428
25,12,7,16.028122,9.028121948242188,1.289731706891741
25,14,1,0.14730032,-0.8526996821165085,-0.8526996821165085
25,24,3,0.17179742,-2.828202575445175,-0.9427341918150584
25,25,9,5.808775,-3.191225051879883,-0.354580561319987
25,27,2,0.06989032,-1.930109679698944,-0.965054839849472
26,1,21,9.033047,-11.96695327758789,-0.5698549179803758
26,2,5,4.5714855,-0.4285144805908203,-0.08570289611816406
26,3,16,19.435705,3.4357051849365234,0.21473157405853271
26,4,3,1.2744712,-1.7255288362503052,-0.5751762787501017
26,5,27,28.003174,1.003173828125,0.03715458622685185
26,6,1,0.24397965,-0.7560203522443771,-0.7560203522443771
26,7,8,4.7345815,-3.265418529510498,-0.40817731618881226
26,8,5,2.3216655,-2.6783344745635986,-0.5356668949127197
26,9,20,32.436947,12.436946868896484,0.6218473434448242
26,10,57,26.733294,-30.266706466674805,-0.5309948502925405
26,11,1,0.99103564,-0.008964359760284424,-0.008964359760284424
26,12,3,19.456215,16.456214904785156,5.485404968261719
26,13,1,0.24392778,-0.7560722231864929,-0.7560722231864929
26,14,19,36.596657,17.596656799316406,0.9261398315429688
26,15,4,3.1760037,-0.8239963054656982,-0.20599907636642456
26,16,13,3.8473299,-9.15267014503479,-0.7040515496180608
26,18,1,0.06406251,-0.9359374865889549,-0.9359374865889549
26,23,6,0.7425555,-5.257444500923157,-0.8762407501538595
26,24,14,5.4696326,-8.530367374420166,-0.6093119553157261
26,25,5,7.7142944,2.71429443359375,0.54285888671875
26,26,82,97.48254,15.482536315917969,0.1888114184868045
26,27,8,14.846171,6.8461713790893555,0.8557714223861694
27,1,21,9.133426,-11.86657428741455,-0.5650749660673595
27,2,4,1.7895505,-2.210449457168579,-0.5526123642921448
27,3,9,9.493994,0.49399375915527344,0.05488819546169705
27,4,2,1.5331059,-0.46689414978027344,-0.23344707489013672
27,5,28,18.576998,-9.423002243041992,-0.3365357943943569
27,7,15,1.9410305,-13.058969497680664,-0.8705979665120442
27,8,7,1.8578027,-5.142197251319885,-0.7345996073314122
27,9,23,14.520992,-8.479007720947266,-0.36865250960640283
27,10,8,6.9295697,-1.0704302787780762,-0.13380378484725952
27,12,36,47.655426,11.655426025390625,0.32376183403862846
27,14,107,111.421745,4.421745300292969,0.04132472243264457
27,15,4,8.757561,4.757560729980469,1.1893901824951172
27,23,4,2.5349908,-1.4650092124938965,-0.3662523031234741
27,24,17,17.506582,0.5065822601318359,0.02979895647834329
27,25,13,47.34939,34.349388122558594,2.6422606248121996
27,26,3,1.810958,-1.1890419721603394,-0.39634732405344647
27,27,177,165.86766,-11.132339477539062,-0.06289457331942973
28,1,10,15.876825,5.876825332641602,0.5876825332641602
28,2,5,2.466757,-2.53324294090271,-0.506648588180542
28,3,15,18.892492,3.8924922943115234,0.2594994862874349
28,4,2,0.84650975,-1.1534902453422546,-0.5767451226711273
28,5,6,8.422288,2.422287940979004,0.403714656829834
28,7,1,3.1173823,2.117382287979126,2.117382287979126
28,8,6,2.8365393,-3.1634607315063477,-0.527243455251058
28,9,26,22.093494,-3.906505584716797,-0.15025021479679987
28,10,20,37.50168,17.501678466796875,0.8750839233398438
28,12,2,2.5158014,0.5158014297485352,0.2579007148742676
28,14,8,6.8018603,-1.1981396675109863,-0.1497674584388733
28,15,4,9.43547,5.435469627380371,1.3588674068450928
28,16,41,43.430126,2.430126190185547,0.05927137049233041
28,23,6,4.8553967,-1.1446032524108887,-0.1907672087351481
28,24,3,7.0522275,4.05222749710083,1.35074249903361
28,25,3,7.058744,4.058743953704834,1.3529146512349446
28,26,22,0.99367124,-21.006328761577606,-0.9548331255262549
28,28,52,34.78015,-17.2198486328125,-0.3311509352463942
29,1,2,1.6948742,-0.3051258325576782,-0.1525629162788391
29,3,2,1.145397,-0.8546030521392822,-0.4273015260696411
29,5,1,0.4748518,-0.5251482129096985,-0.5251482129096985
29,9,5,0.69500387,-4.304996132850647,-0.8609992265701294
29,11,2,0.36735454,-1.632645457983017,-0.8163227289915085
29,15,1,0.19778137,-0.8022186309099197,-0.8022186309099197
29,23,1,0.24617147,-0.7538285255432129,-0.7538285255432129
29,24,2,2.2553654,0.25536537170410156,0.12768268585205078
29,25,3,8.317076,5.317075729370117,1.7723585764567058
29,29,3,6.144622e-08,-2.9999999385537777,-0.9999999795179259
31,1,2,1.0587904,-0.9412095546722412,-0.4706047773361206
31,3,1,1.0032539,0.003253936767578125,0.003253936767578125
31,4,1,0.019083317,-0.9809166826307774,-0.9809166826307774
31,5,1,0.26082462,-0.7391753792762756,-0.7391753792762756
31,9,5,0.45184317,-4.548156827688217,-0.9096313655376435
31,15,4,0.36644667,-3.6335533261299133,-0.9083883315324783
31,24,1,0.22212775,-0.7778722494840622,-0.7778722494840622
31,25,2,9.092556,7.092555999755859,3.5462779998779297
